device,trapMeanX,trapMeanY,regime,complete,last_Vd,r_rest,r_3V,r_worst,onset_Vd,collapse_depth_vs_ref
HighK,0,-0.4,collapse,1,3,0.829959,9.57235e-06,9.57235e-06,0.4,61714.3
HighK,0,-0.125,off at rest,1,3,0.000135092,1.27003e-06,1.26266e-06,nan,nan
HighK,0,0,off at rest,1,3,7.62286e-05,9.06866e-07,8.3288e-07,nan,nan
HighK,0,0.125,off at rest,1,3,0.000103773,6.44625e-06,1.91562e-06,nan,nan
HighK,0,0.285,collapse,1,3,0.807299,0.000628819,5.69697e-05,0.3,12493.5
HighK,0,0.5,collapse,1,3,0.815473,0.00080113,7.01841e-05,0.3,14248.2
HighK,0,0.725,collapse,1,3,0.83114,0.000198149,8.5706e-06,0.3,116678
HighK,0,1.25,collapse,1,3,0.84436,0.000171489,9.60879e-06,0.4,104071
HighK,0,1.75,collapse,1,3,0.855446,1.97682e-05,6.0786e-06,0.4,164512
HighK,0,2.4,collapse,1,3,0.866535,5.62958e-05,1.29505e-05,0.5,72333.5
HighK,0.00375,-0.4,collapse,1,3,0.809123,5.10614e-06,5.10614e-06,0.3,119038
HighK,0.00375,-0.125,off at rest,1,3,9.01079e-05,7.83916e-07,7.83916e-07,nan,nan
HighK,0.00375,0,off at rest,1,3,5.31585e-05,5.85384e-07,5.43376e-07,nan,nan
HighK,0.00375,0.125,off at rest,1,3,6.81336e-05,3.75998e-06,1.21222e-06,nan,nan
HighK,0.00375,0.285,collapse,1,3,0.778642,0.000265799,2.92659e-05,0.3,24196.1
HighK,0.00375,0.5,collapse,1,3,0.789021,0.000327568,3.7635e-05,0.3,26571
HighK,0.00375,0.725,collapse,1,3,0.810028,8.43253e-05,5.59415e-06,0.3,178758
HighK,0.00375,1.25,collapse,1,3,0.827082,6.97638e-05,6.64623e-06,0.4,150461
HighK,0.00375,1.75,collapse,1,3,0.840328,1.13588e-05,3.46568e-06,0.4,288543
HighK,0.00375,2.4,collapse,1,3,0.853009,2.38779e-05,6.96888e-06,0.4,131114
HighK,0.0075,-0.4,collapse,1,3,0.790198,3.39697e-06,3.39697e-06,0.3,188606
HighK,0.0075,-0.125,off at rest,1,3,6.64727e-05,5.44624e-07,5.44624e-07,nan,nan
HighK,0.0075,0,off at rest,1,3,4.04392e-05,4.18689e-07,3.93607e-07,nan,nan
HighK,0.0075,0.125,off at rest,1,3,4.9756e-05,2.49908e-06,8.6692e-07,nan,nan
HighK,0.0075,0.285,collapse,1,3,0.750717,0.000150478,1.85839e-05,0.2,37264.7
HighK,0.0075,0.5,collapse,1,3,0.763767,0.000171242,2.33818e-05,0.2,42768.4
HighK,0.0075,0.725,collapse,1,3,0.791119,4.78895e-05,3.80899e-06,0.3,262537
HighK,0.0075,1.25,collapse,1,3,0.812124,3.83272e-05,4.29246e-06,0.4,232967
HighK,0.0075,1.75,collapse,1,3,0.827332,7.19665e-06,2.24288e-06,0.4,445856
HighK,0.0075,2.4,collapse,1,3,0.841445,1.45658e-05,4.74044e-06,0.4,189435
HighK,0.01125,-0.4,collapse,1,3,0.775454,2.57587e-06,2.57587e-06,0.3,249431
HighK,0.01125,-0.125,off at rest,1,3,5.39001e-05,4.20056e-07,4.20056e-07,nan,nan
HighK,0.01125,0,off at rest,1,3,3.34758e-05,3.2996e-07,3.14754e-07,nan,nan
HighK,0.01125,0.125,off at rest,1,3,4.01353e-05,1.88983e-06,6.93277e-07,nan,nan
HighK,0.01125,0.285,collapse,1,3,0.727496,9.11316e-05,1.32477e-05,0.2,53121.5
HighK,0.01125,0.5,collapse,1,3,0.743267,0.000113694,1.19546e-05,0.2,83649.5
HighK,0.01125,0.725,collapse,1,3,0.776775,3.38336e-05,2.91513e-06,0.3,343038
HighK,0.01125,1.25,collapse,1,3,0.801143,2.69014e-05,3.21259e-06,0.3,311276
HighK,0.01125,1.75,collapse,1,3,0.817832,5.32646e-06,1.6904e-06,0.3,591577
HighK,0.01125,2.4,collapse,1,3,0.833032,1.03489e-05,3.60676e-06,0.4,246316
HighK,0.015,-0.4,collapse,1,3,0.767305,2.21392e-06,2.21392e-06,0.3,284859
HighK,0.015,-0.125,off at rest,1,3,4.78296e-05,3.58605e-07,3.58605e-07,nan,nan
HighK,0.015,0,off at rest,1,3,3.00972e-05,2.86772e-07,2.76296e-07,nan,nan
HighK,0.015,0.125,off at rest,1,3,3.56126e-05,1.61279e-06,6.14935e-07,nan,nan
HighK,0.015,0.285,collapse,1,3,0.714342,8.47788e-05,1.20786e-05,0.2,55880.1
HighK,0.015,0.5,collapse,1,3,0.732011,0.00010747,1.04589e-05,0.2,95612.6
HighK,0.015,0.725,collapse,1,3,0.769301,2.94595e-05,2.56071e-06,0.3,390517
HighK,0.015,1.25,collapse,1,3,0.795542,2.37013e-05,2.79928e-06,0.3,357235
HighK,0.015,1.75,collapse,1,3,0.813004,4.61434e-06,1.46303e-06,0.3,683515
HighK,0.015,2.4,collapse,1,3,0.828765,8.78516e-06,3.12627e-06,0.4,282992
SiN,0,-0.4,collapse,1,3,0.836986,1.07526e-05,1.07526e-05,0.4,54344.2
SiN,0,-0.125,off at rest,1,3,0.000134503,1.25117e-06,1.24563e-06,nan,nan
SiN,0,0,off at rest,1,3,7.5899e-05,8.93339e-07,8.22946e-07,nan,nan
SiN,0,0.125,off at rest,1,3,0.00010332,6.35167e-06,1.90472e-06,nan,nan
SiN,0,0.285,collapse,1,3,0.806583,0.000620426,5.66279e-05,0.3,12560.1
SiN,0,0.5,collapse,1,3,0.814275,0.00119155,5.5327e-05,0.3,18074.4
SiN,0,0.725,collapse,1,3,0.828431,0.00018808,6.60025e-06,0.3,151510
SiN,0,1.25,collapse,1,3,0.842406,0.000120014,8.69385e-06,0.4,115024
SiN,0,1.75,collapse,1,3,0.85383,1.78548e-05,5.09081e-06,0.4,196433
SiN,0,2.4,collapse,1,3,0.86506,4.355e-05,1.22324e-05,0.5,75619.7
SiN,0.00375,-0.4,collapse,1,3,0.817814,5.8715e-06,5.8715e-06,0.3,99815.9
SiN,0.00375,-0.125,off at rest,1,3,8.97161e-05,7.72425e-07,7.72425e-07,nan,nan
SiN,0.00375,0,off at rest,1,3,5.29286e-05,5.76712e-07,5.36966e-07,nan,nan
SiN,0.00375,0.125,off at rest,1,3,6.78372e-05,3.70472e-06,1.20537e-06,nan,nan
SiN,0.00375,0.285,collapse,1,3,0.777781,0.000259057,2.89393e-05,0.3,24522.6
SiN,0.00375,0.5,collapse,1,3,0.78748,0.000455588,3.00901e-05,0.3,33233.5
SiN,0.00375,0.725,collapse,1,3,0.806761,8.11475e-05,4.32566e-06,0.3,231178
SiN,0.00375,1.25,collapse,1,3,0.824811,5.3558e-05,5.30894e-06,0.4,188362
SiN,0.00375,1.75,collapse,1,3,0.83847,1.20151e-05,3.90895e-06,0.4,255823
SiN,0.00375,2.4,collapse,1,3,0.85132,2.02871e-05,6.79353e-06,0.4,132711
SiN,0.0075,-0.4,collapse,1,3,0.800653,3.61375e-06,3.61375e-06,0.3,166482
SiN,0.0075,-0.125,off at rest,1,3,6.61842e-05,5.36629e-07,5.36629e-07,nan,nan
SiN,0.0075,0,off at rest,1,3,4.02643e-05,4.12549e-07,3.88795e-07,nan,nan
SiN,0.0075,0.125,off at rest,1,3,4.95398e-05,2.4624e-06,8.62006e-07,nan,nan
SiN,0.0075,0.285,collapse,1,3,0.749692,0.000146829,1.83813e-05,0.2,37755.9
SiN,0.0075,0.5,collapse,1,3,0.761861,0.000230411,1.96687e-05,0.2,50842.2
SiN,0.0075,0.725,collapse,1,3,0.7873,4.67216e-05,3.6016e-06,0.3,277655
SiN,0.0075,1.25,collapse,1,3,0.809557,3.0235e-05,4.03154e-06,0.4,248044
SiN,0.0075,1.75,collapse,1,3,0.825242,8.20364e-06,2.676e-06,0.4,373692
SiN,0.0075,2.4,collapse,1,3,0.83956,1.13729e-05,4.30732e-06,0.4,205493
SiN,0.01125,-0.4,collapse,1,3,0.787502,2.77978e-06,2.77978e-06,0.3,222140
SiN,0.01125,-0.125,off at rest,1,3,5.36665e-05,4.13689e-07,4.13689e-07,nan,nan
SiN,0.01125,0,off at rest,1,3,3.33311e-05,3.2504e-07,3.10932e-07,nan,nan
SiN,0.01125,0.125,off at rest,1,3,3.99609e-05,1.86179e-06,6.89413e-07,nan,nan
SiN,0.01125,0.285,collapse,1,3,0.72631,9.00223e-05,1.31723e-05,0.2,53345
SiN,0.01125,0.5,collapse,1,3,0.741049,0.000151767,1.20009e-05,0.2,83327.3
SiN,0.01125,0.725,collapse,1,3,0.772489,3.27455e-05,2.76097e-06,0.3,362192
SiN,0.01125,1.25,collapse,1,3,0.798338,2.13562e-05,2.8461e-06,0.3,351358
SiN,0.01125,1.75,collapse,1,3,0.815557,5.77307e-06,1.97589e-06,0.3,506101
SiN,0.01125,2.4,collapse,1,3,0.830985,8.18118e-06,3.28957e-06,0.4,285624
SiN,0.015,-0.4,collapse,1,3,0.780407,2.47735e-06,2.47735e-06,0.3,254067
SiN,0.015,-0.125,off at rest,1,3,4.76226e-05,3.53261e-07,3.53261e-07,nan,nan
SiN,0.015,0,off at rest,1,3,2.99672e-05,2.82567e-07,2.72879e-07,nan,nan
SiN,0.015,0.125,off at rest,1,3,3.5458e-05,1.58907e-06,6.11434e-07,nan,nan
SiN,0.015,0.285,collapse,1,3,0.713056,8.42663e-05,1.2043e-05,0.2,55831.3
SiN,0.015,0.5,collapse,1,3,0.729584,0.000144828,1.04533e-05,0.2,95663.7
SiN,0.015,0.725,collapse,1,3,0.764707,2.82829e-05,2.16183e-06,0.3,462572
SiN,0.015,1.25,collapse,1,3,0.792592,1.84852e-05,2.49846e-06,0.3,400246
SiN,0.015,1.75,collapse,1,3,0.810617,4.98474e-06,1.71757e-06,0.3,582218
SiN,0.015,2.4,collapse,1,3,0.82662,7.14886e-06,2.91146e-06,0.4,321567
