{   Distance	     Value	 Material }
{ -1.25000e+00	 0.00000e+00	 GaN }
{ -1.20083e+00	 0.00000e+00	 GaN }
{ -1.15273e+00	 0.00000e+00	 GaN }
{ -1.10569e+00	 0.00000e+00	 GaN }
{ -1.05969e+00	 0.00000e+00	 GaN }
{ -1.01470e+00	 0.00000e+00	 GaN }
{ -9.70692e-01	 0.00000e+00	 GaN }
{ -9.27653e-01	 0.00000e+00	 GaN }
{ -8.85559e-01	 0.00000e+00	 GaN }
{ -8.44390e-01	 0.00000e+00	 GaN }
{ -8.04126e-01	 0.00000e+00	 GaN }
{ -7.64745e-01	 0.00000e+00	 GaN }
{ -7.26230e-01	 0.00000e+00	 GaN }
{ -6.88561e-01	 0.00000e+00	 GaN }
{ -6.51719e-01	 0.00000e+00	 GaN }
{ -6.15686e-01	 0.00000e+00	 GaN }
{ -5.80445e-01	 0.00000e+00	 GaN }
{ -5.45978e-01	 0.00000e+00	 GaN }
{ -5.12268e-01	 0.00000e+00	 GaN }
{ -4.79298e-01	 0.00000e+00	 GaN }
{ -4.47053e-01	 0.00000e+00	 GaN }
{ -4.15516e-01	 0.00000e+00	 GaN }
{ -3.84671e-01	 0.00000e+00	 GaN }
{ -3.54504e-01	 0.00000e+00	 GaN }
{ -3.25000e-01	 0.00000e+00	 GaN }
{ -2.95331e-01	 0.00000e+00	 GaN }
{ -2.68749e-01	 0.00000e+00	 GaN }
{ -2.44932e-01	 0.00000e+00	 GaN }
{ -2.23593e-01	 0.00000e+00	 GaN }
{ -2.04475e-01	 0.00000e+00	 GaN }
{ -1.87345e-01	 0.00000e+00	 GaN }
{ -1.71998e-01	 0.00000e+00	 GaN }
{ -1.58248e-01	 0.00000e+00	 GaN }
{ -1.45928e-01	 0.00000e+00	 GaN }
{ -1.34890e-01	 0.00000e+00	 GaN }
{ -1.25000e-01	 0.00000e+00	 GaN }
{ -1.15109e-01	 0.00000e+00	 GaN }
{ -1.05419e-01	 0.00000e+00	 GaN }
{ -9.59231e-02	 9.64327e-17	 GaN }
{ -8.66194e-02	 3.47158e-15	 GaN }
{ -7.75033e-02	 1.20830e-13	 GaN }
{ -6.85713e-02	 3.39829e-12	 GaN }
{ -5.98195e-02	 7.88588e-11	 GaN }
{ -5.12443e-02	 1.52505e-09	 GaN }
{ -4.28422e-02	 2.47958e-08	 GaN }
{ -3.46096e-02	 3.41813e-07	 GaN }
{ -2.65432e-02	 4.02970e-06	 GaN }
{ -1.86395e-02	 4.10144e-05	 GaN }
{ -1.08953e-02	 3.66727e-04	 GaN }
{ -3.30745e-03	 3.07038e-03	 GaN }
{  4.12730e-03	 1.85103e-02	 GaN }
{  1.14120e-02	 9.84843e-02	 GaN }
{  1.85497e-02	 3.69787e-01	 GaN }
{  2.55434e-02	 8.67287e-01	 GaN }
{  3.23959e-02	 1.45049e+00	 GaN }
{  3.91102e-02	 2.02705e+00	 GaN }
{  4.56890e-02	 2.57191e+00	 GaN }
{  5.21349e-02	 3.08098e+00	 GaN }
{  5.84509e-02	 3.55523e+00	 GaN }
{  6.46393e-02	 3.99693e+00	 GaN }
{  7.07029e-02	 4.40880e+00	 GaN }
{  7.66441e-02	 4.79392e+00	 GaN }
{  8.24654e-02	 5.15576e+00	 GaN }
{  8.81692e-02	 5.49809e+00	 GaN }
{  9.37580e-02	 5.82488e+00	 GaN }
{  9.92339e-02	 6.13990e+00	 GaN }
{  1.04599e-01	 6.44585e+00	 GaN }
{  1.09857e-01	 6.74282e+00	 GaN }
{  1.15008e-01	 7.02668e+00	 GaN }
{  1.20055e-01	 7.28825e+00	 GaN }
{  1.25000e-01	 7.51619e+00	 GaN }
{  1.30032e-01	 7.70842e+00	 GaN }
{  1.35232e-01	 7.86124e+00	 GaN }
{  1.40607e-01	 7.96483e+00	 GaN }
{  1.46162e-01	 8.00502e+00	 GaN }
{  1.51904e-01	 7.97394e+00	 GaN }
{  1.57838e-01	 7.87851e+00	 GaN }
{  1.63972e-01	 7.73085e+00	 GaN }
{  1.70311e-01	 7.53386e+00	 GaN }
{  1.76863e-01	 7.29041e+00	 GaN }
{  1.83635e-01	 7.01021e+00	 GaN }
{  1.90634e-01	 6.70646e+00	 GaN }
{  1.97868e-01	 6.38606e+00	 GaN }
{  2.05345e-01	 6.04962e+00	 GaN }
{  2.13073e-01	 5.69166e+00	 GaN }
{  2.21060e-01	 5.30366e+00	 GaN }
{  2.29315e-01	 4.87622e+00	 GaN }
{  2.37847e-01	 4.39983e+00	 GaN }
{  2.46666e-01	 3.86522e+00	 GaN }
{  2.55780e-01	 3.26411e+00	 GaN }
{  2.65201e-01	 2.58869e+00	 GaN }
{  2.74937e-01	 1.83410e+00	 GaN }
{  2.85000e-01	 1.01868e+00	 GaN }
{  2.95000e-01	 3.33010e-01	 GaN }
{  3.05000e-01	 4.93936e-02	 GaN }
{  3.15000e-01	 4.64449e-03	 GaN }
{  3.25000e-01	 3.55941e-04	 GaN }
{  3.35000e-01	 2.31867e-05	 GaN }
{  3.45000e-01	 1.28863e-06	 GaN }
{  3.55000e-01	 6.11000e-08	 GaN }
{  3.65000e-01	 2.47144e-09	 GaN }
{  3.75000e-01	 8.52928e-11	 GaN }
{  3.85000e-01	 2.50957e-12	 GaN }
{  3.95000e-01	 6.29706e-14	 GaN }
{  4.05000e-01	 1.35006e-15	 GaN }
{  4.15000e-01	 0.00000e+00	 GaN }
{  4.25000e-01	 0.00000e+00	 GaN }
{  4.35000e-01	 0.00000e+00	 GaN }
{  4.45000e-01	 0.00000e+00	 GaN }
{  4.55000e-01	 0.00000e+00	 GaN }
{  4.65000e-01	 0.00000e+00	 GaN }
{  4.75000e-01	 0.00000e+00	 GaN }
{  4.85000e-01	 0.00000e+00	 GaN }
{  4.94761e-01	 0.00000e+00	 GaN }
{  5.04955e-01	 0.00000e+00	 GaN }
{  5.15600e-01	 0.00000e+00	 GaN }
{  5.26716e-01	 0.00000e+00	 GaN }
{  5.38324e-01	 0.00000e+00	 GaN }
{  5.50446e-01	 0.00000e+00	 GaN }
{  5.63105e-01	 0.00000e+00	 GaN }
{  5.76325e-01	 0.00000e+00	 GaN }
{  5.90129e-01	 0.00000e+00	 GaN }
{  6.04545e-01	 0.00000e+00	 GaN }
{  6.19599e-01	 0.00000e+00	 GaN }
{  6.35320e-01	 0.00000e+00	 GaN }
{  6.51736e-01	 0.00000e+00	 GaN }
{  6.68880e-01	 0.00000e+00	 GaN }
{  6.86782e-01	 0.00000e+00	 GaN }
{  7.05477e-01	 0.00000e+00	 GaN }
{  7.25000e-01	 0.00000e+00	 GaN }
{  7.45031e-01	 0.00000e+00	 GaN }
{  7.65301e-01	 0.00000e+00	 GaN }
{  7.85815e-01	 0.00000e+00	 GaN }
{  8.06573e-01	 0.00000e+00	 GaN }
{  8.27581e-01	 0.00000e+00	 GaN }
{  8.48840e-01	 0.00000e+00	 GaN }
{  8.70353e-01	 0.00000e+00	 GaN }
{  8.92124e-01	 0.00000e+00	 GaN }
{  9.14155e-01	 0.00000e+00	 GaN }
{  9.36450e-01	 0.00000e+00	 GaN }
{  9.59012e-01	 0.00000e+00	 GaN }
{  9.81844e-01	 0.00000e+00	 GaN }
{  1.00495e+00	 0.00000e+00	 GaN }
{  1.02833e+00	 0.00000e+00	 GaN }
{  1.05199e+00	 0.00000e+00	 GaN }
{  1.07594e+00	 0.00000e+00	 GaN }
{  1.10017e+00	 0.00000e+00	 GaN }
{  1.12469e+00	 0.00000e+00	 GaN }
{  1.14951e+00	 0.00000e+00	 GaN }
{  1.17462e+00	 0.00000e+00	 GaN }
{  1.20003e+00	 0.00000e+00	 GaN }
{  1.22575e+00	 0.00000e+00	 GaN }
{  1.25178e+00	 0.00000e+00	 GaN }
{  1.27811e+00	 0.00000e+00	 GaN }
{  1.30477e+00	 0.00000e+00	 GaN }
{  1.33174e+00	 0.00000e+00	 GaN }
{  1.35903e+00	 0.00000e+00	 GaN }
{  1.38665e+00	 0.00000e+00	 GaN }
{  1.41460e+00	 0.00000e+00	 GaN }
{  1.44289e+00	 0.00000e+00	 GaN }
{  1.47151e+00	 0.00000e+00	 GaN }
{  1.50048e+00	 0.00000e+00	 GaN }
{  1.52980e+00	 0.00000e+00	 GaN }
{  1.55946e+00	 0.00000e+00	 GaN }
{  1.58948e+00	 0.00000e+00	 GaN }
{  1.61986e+00	 0.00000e+00	 GaN }
{  1.65060e+00	 0.00000e+00	 GaN }
{  1.68171e+00	 0.00000e+00	 GaN }
{  1.71320e+00	 0.00000e+00	 GaN }
{  1.74506e+00	 0.00000e+00	 GaN }
{  1.77730e+00	 0.00000e+00	 GaN }
{  1.80993e+00	 0.00000e+00	 GaN }
{  1.84295e+00	 0.00000e+00	 GaN }
{  1.87636e+00	 0.00000e+00	 GaN }
{  1.91017e+00	 0.00000e+00	 GaN }
{  1.94439e+00	 0.00000e+00	 GaN }
{  1.97902e+00	 0.00000e+00	 GaN }
{  2.01406e+00	 0.00000e+00	 GaN }
{  2.04953e+00	 0.00000e+00	 GaN }
{  2.08541e+00	 0.00000e+00	 GaN }
{  2.12173e+00	 0.00000e+00	 GaN }
{  2.15848e+00	 0.00000e+00	 GaN }
{  2.19567e+00	 0.00000e+00	 GaN }
{  2.23331e+00	 0.00000e+00	 GaN }
{  2.27139e+00	 0.00000e+00	 GaN }
{  2.30994e+00	 0.00000e+00	 GaN }
{  2.34894e+00	 0.00000e+00	 GaN }
{  2.38841e+00	 0.00000e+00	 GaN }
{  2.42835e+00	 0.00000e+00	 GaN }
{  2.46878e+00	 0.00000e+00	 GaN }
{  2.50968e+00	 0.00000e+00	 GaN }
{  2.55108e+00	 0.00000e+00	 GaN }
{  2.59297e+00	 0.00000e+00	 GaN }
{  2.63536e+00	 0.00000e+00	 GaN }
{  2.67826e+00	 0.00000e+00	 GaN }
{  2.72167e+00	 0.00000e+00	 GaN }
{  2.76560e+00	 0.00000e+00	 GaN }
{  2.81006e+00	 0.00000e+00	 GaN }
{  2.85505e+00	 0.00000e+00	 GaN }
{  2.90058e+00	 0.00000e+00	 GaN }
{  2.94666e+00	 0.00000e+00	 GaN }
{  2.99328e+00	 0.00000e+00	 GaN }
{  3.04047e+00	 0.00000e+00	 GaN }
{  3.08822e+00	 0.00000e+00	 GaN }
{  3.13654e+00	 0.00000e+00	 GaN }
{  3.18544e+00	 0.00000e+00	 GaN }
{  3.23492e+00	 0.00000e+00	 GaN }
{  3.28500e+00	 0.00000e+00	 GaN }
{  3.32667e+00	 0.00000e+00	 GaN }
{  3.36833e+00	 0.00000e+00	 GaN }
{  3.41000e+00	 0.00000e+00	 GaN }

{   Distance	     Value	 Material }
{ -1.25000e+00	 0.00000e+00	 GaN }
{ -1.20083e+00	 0.00000e+00	 GaN }
{ -1.15273e+00	 0.00000e+00	 GaN }
{ -1.10569e+00	 0.00000e+00	 GaN }
{ -1.05969e+00	 0.00000e+00	 GaN }
{ -1.01470e+00	 0.00000e+00	 GaN }
{ -9.70692e-01	 0.00000e+00	 GaN }
{ -9.27653e-01	 0.00000e+00	 GaN }
{ -8.85559e-01	 0.00000e+00	 GaN }
{ -8.44390e-01	 0.00000e+00	 GaN }
{ -8.04126e-01	 0.00000e+00	 GaN }
{ -7.64745e-01	 0.00000e+00	 GaN }
{ -7.26230e-01	 0.00000e+00	 GaN }
{ -6.88561e-01	 0.00000e+00	 GaN }
{ -6.51719e-01	 0.00000e+00	 GaN }
{ -6.15686e-01	 0.00000e+00	 GaN }
{ -5.80445e-01	 0.00000e+00	 GaN }
{ -5.45978e-01	 0.00000e+00	 GaN }
{ -5.12268e-01	 0.00000e+00	 GaN }
{ -4.79298e-01	 0.00000e+00	 GaN }
{ -4.47053e-01	 0.00000e+00	 GaN }
{ -4.15516e-01	 0.00000e+00	 GaN }
{ -3.84671e-01	 0.00000e+00	 GaN }
{ -3.54504e-01	 0.00000e+00	 GaN }
{ -3.25000e-01	 0.00000e+00	 GaN }
{ -2.95331e-01	 0.00000e+00	 GaN }
{ -2.68749e-01	 0.00000e+00	 GaN }
{ -2.44932e-01	 0.00000e+00	 GaN }
{ -2.23593e-01	 0.00000e+00	 GaN }
{ -2.04475e-01	 0.00000e+00	 GaN }
{ -1.87345e-01	 0.00000e+00	 GaN }
{ -1.71998e-01	 0.00000e+00	 GaN }
{ -1.58248e-01	 0.00000e+00	 GaN }
{ -1.45928e-01	 0.00000e+00	 GaN }
{ -1.34890e-01	 0.00000e+00	 GaN }
{ -1.25000e-01	 0.00000e+00	 GaN }
{ -1.15109e-01	 0.00000e+00	 GaN }
{ -1.05419e-01	 0.00000e+00	 GaN }
{ -9.59231e-02	 9.64327e-17	 GaN }
{ -8.66194e-02	 3.47158e-15	 GaN }
{ -7.75033e-02	 1.21120e-13	 GaN }
{ -6.85713e-02	 3.40581e-12	 GaN }
{ -5.98195e-02	 7.90687e-11	 GaN }
{ -5.12443e-02	 1.52984e-09	 GaN }
{ -4.28422e-02	 2.48866e-08	 GaN }
{ -3.46096e-02	 3.43305e-07	 GaN }
{ -2.65432e-02	 4.04992e-06	 GaN }
{ -1.86395e-02	 4.12587e-05	 GaN }
{ -1.08953e-02	 3.69326e-04	 GaN }
{ -3.30745e-03	 3.09598e-03	 GaN }
{  4.12730e-03	 1.86912e-02	 GaN }
{  1.14120e-02	 9.95158e-02	 GaN }
{  1.85497e-02	 3.73257e-01	 GaN }
{  2.55434e-02	 8.73560e-01	 GaN }
{  3.23959e-02	 1.45890e+00	 GaN }
{  3.91102e-02	 2.03754e+00	 GaN }
{  4.56890e-02	 2.58477e+00	 GaN }
{  5.21349e-02	 3.09680e+00	 GaN }
{  5.84509e-02	 3.57487e+00	 GaN }
{  6.46393e-02	 4.02159e+00	 GaN }
{  7.07029e-02	 4.44018e+00	 GaN }
{  7.66441e-02	 4.83453e+00	 GaN }
{  8.24654e-02	 5.20930e+00	 GaN }
{  8.81692e-02	 5.57036e+00	 GaN }
{  9.37580e-02	 5.92503e+00	 GaN }
{  9.92339e-02	 6.28284e+00	 GaN }
{  1.04599e-01	 6.65604e+00	 GaN }
{  1.09857e-01	 7.06058e+00	 GaN }
{  1.15008e-01	 7.51687e+00	 GaN }
{  1.20055e-01	 8.05038e+00	 GaN }
{  1.25000e-01	 8.68999e+00	 GaN }
{  1.30032e-01	 9.48947e+00	 GaN }
{  1.35232e-01	 1.04724e+01	 GaN }
{  1.40607e-01	 1.15696e+01	 GaN }
{  1.46162e-01	 1.26132e+01	 GaN }
{  1.51904e-01	 1.34097e+01	 GaN }
{  1.57838e-01	 1.39212e+01	 GaN }
{  1.63972e-01	 1.42618e+01	 GaN }
{  1.70311e-01	 1.45317e+01	 GaN }
{  1.76863e-01	 1.55994e+01	 GaN }
{  1.83635e-01	 1.40143e+01	 GaN }
{  1.90634e-01	 1.06816e+01	 GaN }
{  1.97868e-01	 8.40447e+00	 GaN }
{  2.05345e-01	 7.14890e+00	 GaN }
{  2.13073e-01	 6.36347e+00	 GaN }
{  2.21060e-01	 5.75825e+00	 GaN }
{  2.29315e-01	 5.21003e+00	 GaN }
{  2.37847e-01	 4.66144e+00	 GaN }
{  2.46666e-01	 4.08124e+00	 GaN }
{  2.55780e-01	 3.44967e+00	 GaN }
{  2.65201e-01	 2.75291e+00	 GaN }
{  2.74937e-01	 1.98171e+00	 GaN }
{  2.85000e-01	 1.14540e+00	 GaN }
{  2.95000e-01	 4.07421e-01	 GaN }
{  3.05000e-01	 6.45051e-02	 GaN }
{  3.15000e-01	 6.09756e-03	 GaN }
{  3.25000e-01	 4.63888e-04	 GaN }
{  3.35000e-01	 2.99976e-05	 GaN }
{  3.45000e-01	 1.65731e-06	 GaN }
{  3.55000e-01	 7.81888e-08	 GaN }
{  3.65000e-01	 3.15003e-09	 GaN }
{  3.75000e-01	 1.08326e-10	 GaN }
{  3.85000e-01	 3.17842e-12	 GaN }
{  3.95000e-01	 7.95570e-14	 GaN }
{  4.05000e-01	 1.73579e-15	 GaN }
{  4.15000e-01	 0.00000e+00	 GaN }
{  4.25000e-01	 0.00000e+00	 GaN }
{  4.35000e-01	 0.00000e+00	 GaN }
{  4.45000e-01	 0.00000e+00	 GaN }
{  4.55000e-01	 0.00000e+00	 GaN }
{  4.65000e-01	 0.00000e+00	 GaN }
{  4.75000e-01	 0.00000e+00	 GaN }
{  4.85000e-01	 0.00000e+00	 GaN }
{  4.94761e-01	 0.00000e+00	 GaN }
{  5.04955e-01	 0.00000e+00	 GaN }
{  5.15600e-01	 0.00000e+00	 GaN }
{  5.26716e-01	 0.00000e+00	 GaN }
{  5.38324e-01	 0.00000e+00	 GaN }
{  5.50446e-01	 0.00000e+00	 GaN }
{  5.63105e-01	 0.00000e+00	 GaN }
{  5.76325e-01	 0.00000e+00	 GaN }
{  5.90129e-01	 0.00000e+00	 GaN }
{  6.04545e-01	 0.00000e+00	 GaN }
{  6.19599e-01	 0.00000e+00	 GaN }
{  6.35320e-01	 0.00000e+00	 GaN }
{  6.51736e-01	 0.00000e+00	 GaN }
{  6.68880e-01	 0.00000e+00	 GaN }
{  6.86782e-01	 0.00000e+00	 GaN }
{  7.05477e-01	 0.00000e+00	 GaN }
{  7.25000e-01	 0.00000e+00	 GaN }
{  7.45031e-01	 0.00000e+00	 GaN }
{  7.65301e-01	 0.00000e+00	 GaN }
{  7.85815e-01	 0.00000e+00	 GaN }
{  8.06573e-01	 0.00000e+00	 GaN }
{  8.27581e-01	 0.00000e+00	 GaN }
{  8.48840e-01	 0.00000e+00	 GaN }
{  8.70353e-01	 0.00000e+00	 GaN }
{  8.92124e-01	 0.00000e+00	 GaN }
{  9.14155e-01	 0.00000e+00	 GaN }
{  9.36450e-01	 0.00000e+00	 GaN }
{  9.59012e-01	 0.00000e+00	 GaN }
{  9.81844e-01	 0.00000e+00	 GaN }
{  1.00495e+00	 0.00000e+00	 GaN }
{  1.02833e+00	 0.00000e+00	 GaN }
{  1.05199e+00	 0.00000e+00	 GaN }
{  1.07594e+00	 0.00000e+00	 GaN }
{  1.10017e+00	 0.00000e+00	 GaN }
{  1.12469e+00	 0.00000e+00	 GaN }
{  1.14951e+00	 0.00000e+00	 GaN }
{  1.17462e+00	 0.00000e+00	 GaN }
{  1.20003e+00	 0.00000e+00	 GaN }
{  1.22575e+00	 0.00000e+00	 GaN }
{  1.25178e+00	 0.00000e+00	 GaN }
{  1.27811e+00	 0.00000e+00	 GaN }
{  1.30477e+00	 0.00000e+00	 GaN }
{  1.33174e+00	 0.00000e+00	 GaN }
{  1.35903e+00	 0.00000e+00	 GaN }
{  1.38665e+00	 0.00000e+00	 GaN }
{  1.41460e+00	 0.00000e+00	 GaN }
{  1.44289e+00	 0.00000e+00	 GaN }
{  1.47151e+00	 0.00000e+00	 GaN }
{  1.50048e+00	 0.00000e+00	 GaN }
{  1.52980e+00	 0.00000e+00	 GaN }
{  1.55946e+00	 0.00000e+00	 GaN }
{  1.58948e+00	 0.00000e+00	 GaN }
{  1.61986e+00	 0.00000e+00	 GaN }
{  1.65060e+00	 0.00000e+00	 GaN }
{  1.68171e+00	 0.00000e+00	 GaN }
{  1.71320e+00	 0.00000e+00	 GaN }
{  1.74506e+00	 0.00000e+00	 GaN }
{  1.77730e+00	 0.00000e+00	 GaN }
{  1.80993e+00	 0.00000e+00	 GaN }
{  1.84295e+00	 0.00000e+00	 GaN }
{  1.87636e+00	 0.00000e+00	 GaN }
{  1.91017e+00	 0.00000e+00	 GaN }
{  1.94439e+00	 0.00000e+00	 GaN }
{  1.97902e+00	 0.00000e+00	 GaN }
{  2.01406e+00	 0.00000e+00	 GaN }
{  2.04953e+00	 0.00000e+00	 GaN }
{  2.08541e+00	 0.00000e+00	 GaN }
{  2.12173e+00	 0.00000e+00	 GaN }
{  2.15848e+00	 0.00000e+00	 GaN }
{  2.19567e+00	 0.00000e+00	 GaN }
{  2.23331e+00	 0.00000e+00	 GaN }
{  2.27139e+00	 0.00000e+00	 GaN }
{  2.30994e+00	 0.00000e+00	 GaN }
{  2.34894e+00	 0.00000e+00	 GaN }
{  2.38841e+00	 0.00000e+00	 GaN }
{  2.42835e+00	 0.00000e+00	 GaN }
{  2.46878e+00	 0.00000e+00	 GaN }
{  2.50968e+00	 0.00000e+00	 GaN }
{  2.55108e+00	 0.00000e+00	 GaN }
{  2.59297e+00	 0.00000e+00	 GaN }
{  2.63536e+00	 0.00000e+00	 GaN }
{  2.67826e+00	 0.00000e+00	 GaN }
{  2.72167e+00	 0.00000e+00	 GaN }
{  2.76560e+00	 0.00000e+00	 GaN }
{  2.81006e+00	 0.00000e+00	 GaN }
{  2.85505e+00	 0.00000e+00	 GaN }
{  2.90058e+00	 0.00000e+00	 GaN }
{  2.94666e+00	 0.00000e+00	 GaN }
{  2.99328e+00	 0.00000e+00	 GaN }
{  3.04047e+00	 0.00000e+00	 GaN }
{  3.08822e+00	 0.00000e+00	 GaN }
{  3.13654e+00	 0.00000e+00	 GaN }
{  3.18544e+00	 0.00000e+00	 GaN }
{  3.23492e+00	 0.00000e+00	 GaN }
{  3.28500e+00	 0.00000e+00	 GaN }
{  3.32667e+00	 0.00000e+00	 GaN }
{  3.36833e+00	 0.00000e+00	 GaN }
{  3.41000e+00	 0.00000e+00	 GaN }

{   Distance	     Value	 Material }
{ -1.25000e+00	 0.00000e+00	 GaN }
{ -1.20083e+00	 0.00000e+00	 GaN }
{ -1.15273e+00	 0.00000e+00	 GaN }
{ -1.10569e+00	 0.00000e+00	 GaN }
{ -1.05969e+00	 0.00000e+00	 GaN }
{ -1.01470e+00	 0.00000e+00	 GaN }
{ -9.70692e-01	 0.00000e+00	 GaN }
{ -9.27653e-01	 0.00000e+00	 GaN }
{ -8.85559e-01	 0.00000e+00	 GaN }
{ -8.44390e-01	 0.00000e+00	 GaN }
{ -8.04126e-01	 0.00000e+00	 GaN }
{ -7.64745e-01	 0.00000e+00	 GaN }
{ -7.26230e-01	 0.00000e+00	 GaN }
{ -6.88561e-01	 0.00000e+00	 GaN }
{ -6.51719e-01	 0.00000e+00	 GaN }
{ -6.15686e-01	 0.00000e+00	 GaN }
{ -5.80445e-01	 0.00000e+00	 GaN }
{ -5.45978e-01	 0.00000e+00	 GaN }
{ -5.12268e-01	 0.00000e+00	 GaN }
{ -4.79298e-01	 0.00000e+00	 GaN }
{ -4.47053e-01	 0.00000e+00	 GaN }
{ -4.15516e-01	 0.00000e+00	 GaN }
{ -3.84671e-01	 0.00000e+00	 GaN }
{ -3.54504e-01	 0.00000e+00	 GaN }
{ -3.25000e-01	 0.00000e+00	 GaN }
{ -2.95331e-01	 0.00000e+00	 GaN }
{ -2.68749e-01	 0.00000e+00	 GaN }
{ -2.44932e-01	 0.00000e+00	 GaN }
{ -2.23593e-01	 0.00000e+00	 GaN }
{ -2.04475e-01	 0.00000e+00	 GaN }
{ -1.87345e-01	 0.00000e+00	 GaN }
{ -1.71998e-01	 0.00000e+00	 GaN }
{ -1.58248e-01	 0.00000e+00	 GaN }
{ -1.45928e-01	 0.00000e+00	 GaN }
{ -1.34890e-01	 0.00000e+00	 GaN }
{ -1.25000e-01	 0.00000e+00	 GaN }
{ -1.15109e-01	 0.00000e+00	 GaN }
{ -1.05419e-01	 0.00000e+00	 GaN }
{ -9.59231e-02	 9.64327e-17	 GaN }
{ -8.66194e-02	 3.47158e-15	 GaN }
{ -7.75033e-02	 1.21023e-13	 GaN }
{ -6.85713e-02	 3.40350e-12	 GaN }
{ -5.98195e-02	 7.90070e-11	 GaN }
{ -5.12443e-02	 1.52851e-09	 GaN }
{ -4.28422e-02	 2.48629e-08	 GaN }
{ -3.46096e-02	 3.42951e-07	 GaN }
{ -2.65432e-02	 4.04567e-06	 GaN }
{ -1.86395e-02	 4.12117e-05	 GaN }
{ -1.08953e-02	 3.68900e-04	 GaN }
{ -3.30745e-03	 3.09228e-03	 GaN }
{  4.12730e-03	 1.86698e-02	 GaN }
{  1.14120e-02	 9.94315e-02	 GaN }
{  1.85497e-02	 3.73078e-01	 GaN }
{  2.55434e-02	 8.73432e-01	 GaN }
{  3.23959e-02	 1.45899e+00	 GaN }
{  3.91102e-02	 2.03800e+00	 GaN }
{  4.56890e-02	 2.58580e+00	 GaN }
{  5.21349e-02	 3.09863e+00	 GaN }
{  5.84509e-02	 3.57787e+00	 GaN }
{  6.46393e-02	 4.02629e+00	 GaN }
{  7.07029e-02	 4.44734e+00	 GaN }
{  7.66441e-02	 4.84541e+00	 GaN }
{  8.24654e-02	 5.22588e+00	 GaN }
{  8.81692e-02	 5.59588e+00	 GaN }
{  9.37580e-02	 5.96508e+00	 GaN }
{  9.92339e-02	 6.34721e+00	 GaN }
{  1.04599e-01	 6.76243e+00	 GaN }
{  1.09857e-01	 7.24091e+00	 GaN }
{  1.15008e-01	 7.82684e+00	 GaN }
{  1.20055e-01	 8.57691e+00	 GaN }
{  1.25000e-01	 9.53796e+00	 GaN }
{  1.30032e-01	 1.07530e+01	 GaN }
{  1.35232e-01	 1.21884e+01	 GaN }
{  1.40607e-01	 1.37070e+01	 GaN }
{  1.46162e-01	 1.50622e+01	 GaN }
{  1.51904e-01	 1.59988e+01	 GaN }
{  1.57838e-01	 1.65406e+01	 GaN }
{  1.63972e-01	 1.68716e+01	 GaN }
{  1.70311e-01	 1.70731e+01	 GaN }
{  1.76863e-01	 1.72008e+01	 GaN }
{  1.83635e-01	 1.71943e+01	 GaN }
{  1.90634e-01	 1.77045e+01	 GaN }
{  1.97868e-01	 1.36465e+01	 GaN }
{  2.05345e-01	 9.83910e+00	 GaN }
{  2.13073e-01	 7.64513e+00	 GaN }
{  2.21060e-01	 6.46001e+00	 GaN }
{  2.29315e-01	 5.66049e+00	 GaN }
{  2.37847e-01	 4.98730e+00	 GaN }
{  2.46666e-01	 4.33750e+00	 GaN }
{  2.55780e-01	 3.66337e+00	 GaN }
{  2.65201e-01	 2.93846e+00	 GaN }
{  2.74937e-01	 2.14690e+00	 GaN }
{  2.85000e-01	 1.28886e+00	 GaN }
{  2.95000e-01	 4.99776e-01	 GaN }
{  3.05000e-01	 8.58820e-02	 GaN }
{  3.15000e-01	 8.19494e-03	 GaN }
{  3.25000e-01	 6.18286e-04	 GaN }
{  3.35000e-01	 3.96523e-05	 GaN }
{  3.45000e-01	 2.17543e-06	 GaN }
{  3.55000e-01	 1.02065e-07	 GaN }
{  3.65000e-01	 4.09208e-09	 GaN }
{  3.75000e-01	 1.40110e-10	 GaN }
{  3.85000e-01	 4.09723e-12	 GaN }
{  3.95000e-01	 1.02219e-13	 GaN }
{  4.05000e-01	 2.21795e-15	 GaN }
{  4.15000e-01	 0.00000e+00	 GaN }
{  4.25000e-01	 0.00000e+00	 GaN }
{  4.35000e-01	 0.00000e+00	 GaN }
{  4.45000e-01	 0.00000e+00	 GaN }
{  4.55000e-01	 0.00000e+00	 GaN }
{  4.65000e-01	 0.00000e+00	 GaN }
{  4.75000e-01	 0.00000e+00	 GaN }
{  4.85000e-01	 0.00000e+00	 GaN }
{  4.94761e-01	 0.00000e+00	 GaN }
{  5.04955e-01	 0.00000e+00	 GaN }
{  5.15600e-01	 0.00000e+00	 GaN }
{  5.26716e-01	 0.00000e+00	 GaN }
{  5.38324e-01	 0.00000e+00	 GaN }
{  5.50446e-01	 0.00000e+00	 GaN }
{  5.63105e-01	 0.00000e+00	 GaN }
{  5.76325e-01	 0.00000e+00	 GaN }
{  5.90129e-01	 0.00000e+00	 GaN }
{  6.04545e-01	 0.00000e+00	 GaN }
{  6.19599e-01	 0.00000e+00	 GaN }
{  6.35320e-01	 0.00000e+00	 GaN }
{  6.51736e-01	 0.00000e+00	 GaN }
{  6.68880e-01	 0.00000e+00	 GaN }
{  6.86782e-01	 0.00000e+00	 GaN }
{  7.05477e-01	 0.00000e+00	 GaN }
{  7.25000e-01	 0.00000e+00	 GaN }
{  7.45031e-01	 0.00000e+00	 GaN }
{  7.65301e-01	 0.00000e+00	 GaN }
{  7.85815e-01	 0.00000e+00	 GaN }
{  8.06573e-01	 0.00000e+00	 GaN }
{  8.27581e-01	 0.00000e+00	 GaN }
{  8.48840e-01	 0.00000e+00	 GaN }
{  8.70353e-01	 0.00000e+00	 GaN }
{  8.92124e-01	 0.00000e+00	 GaN }
{  9.14155e-01	 0.00000e+00	 GaN }
{  9.36450e-01	 0.00000e+00	 GaN }
{  9.59012e-01	 0.00000e+00	 GaN }
{  9.81844e-01	 0.00000e+00	 GaN }
{  1.00495e+00	 0.00000e+00	 GaN }
{  1.02833e+00	 0.00000e+00	 GaN }
{  1.05199e+00	 0.00000e+00	 GaN }
{  1.07594e+00	 0.00000e+00	 GaN }
{  1.10017e+00	 0.00000e+00	 GaN }
{  1.12469e+00	 0.00000e+00	 GaN }
{  1.14951e+00	 0.00000e+00	 GaN }
{  1.17462e+00	 0.00000e+00	 GaN }
{  1.20003e+00	 0.00000e+00	 GaN }
{  1.22575e+00	 0.00000e+00	 GaN }
{  1.25178e+00	 0.00000e+00	 GaN }
{  1.27811e+00	 0.00000e+00	 GaN }
{  1.30477e+00	 0.00000e+00	 GaN }
{  1.33174e+00	 0.00000e+00	 GaN }
{  1.35903e+00	 0.00000e+00	 GaN }
{  1.38665e+00	 0.00000e+00	 GaN }
{  1.41460e+00	 0.00000e+00	 GaN }
{  1.44289e+00	 0.00000e+00	 GaN }
{  1.47151e+00	 0.00000e+00	 GaN }
{  1.50048e+00	 0.00000e+00	 GaN }
{  1.52980e+00	 0.00000e+00	 GaN }
{  1.55946e+00	 0.00000e+00	 GaN }
{  1.58948e+00	 0.00000e+00	 GaN }
{  1.61986e+00	 0.00000e+00	 GaN }
{  1.65060e+00	 0.00000e+00	 GaN }
{  1.68171e+00	 0.00000e+00	 GaN }
{  1.71320e+00	 0.00000e+00	 GaN }
{  1.74506e+00	 0.00000e+00	 GaN }
{  1.77730e+00	 0.00000e+00	 GaN }
{  1.80993e+00	 0.00000e+00	 GaN }
{  1.84295e+00	 0.00000e+00	 GaN }
{  1.87636e+00	 0.00000e+00	 GaN }
{  1.91017e+00	 0.00000e+00	 GaN }
{  1.94439e+00	 0.00000e+00	 GaN }
{  1.97902e+00	 0.00000e+00	 GaN }
{  2.01406e+00	 0.00000e+00	 GaN }
{  2.04953e+00	 0.00000e+00	 GaN }
{  2.08541e+00	 0.00000e+00	 GaN }
{  2.12173e+00	 0.00000e+00	 GaN }
{  2.15848e+00	 0.00000e+00	 GaN }
{  2.19567e+00	 0.00000e+00	 GaN }
{  2.23331e+00	 0.00000e+00	 GaN }
{  2.27139e+00	 0.00000e+00	 GaN }
{  2.30994e+00	 0.00000e+00	 GaN }
{  2.34894e+00	 0.00000e+00	 GaN }
{  2.38841e+00	 0.00000e+00	 GaN }
{  2.42835e+00	 0.00000e+00	 GaN }
{  2.46878e+00	 0.00000e+00	 GaN }
{  2.50968e+00	 0.00000e+00	 GaN }
{  2.55108e+00	 0.00000e+00	 GaN }
{  2.59297e+00	 0.00000e+00	 GaN }
{  2.63536e+00	 0.00000e+00	 GaN }
{  2.67826e+00	 0.00000e+00	 GaN }
{  2.72167e+00	 0.00000e+00	 GaN }
{  2.76560e+00	 0.00000e+00	 GaN }
{  2.81006e+00	 0.00000e+00	 GaN }
{  2.85505e+00	 0.00000e+00	 GaN }
{  2.90058e+00	 0.00000e+00	 GaN }
{  2.94666e+00	 0.00000e+00	 GaN }
{  2.99328e+00	 0.00000e+00	 GaN }
{  3.04047e+00	 0.00000e+00	 GaN }
{  3.08822e+00	 0.00000e+00	 GaN }
{  3.13654e+00	 0.00000e+00	 GaN }
{  3.18544e+00	 0.00000e+00	 GaN }
{  3.23492e+00	 0.00000e+00	 GaN }
{  3.28500e+00	 0.00000e+00	 GaN }
{  3.32667e+00	 0.00000e+00	 GaN }
{  3.36833e+00	 0.00000e+00	 GaN }
{  3.41000e+00	 0.00000e+00	 GaN }

{   Distance	     Value	 Material }
{ -1.25000e+00	 0.00000e+00	 GaN }
{ -1.20083e+00	 0.00000e+00	 GaN }
{ -1.15273e+00	 0.00000e+00	 GaN }
{ -1.10569e+00	 0.00000e+00	 GaN }
{ -1.05969e+00	 0.00000e+00	 GaN }
{ -1.01470e+00	 0.00000e+00	 GaN }
{ -9.70692e-01	 0.00000e+00	 GaN }
{ -9.27653e-01	 0.00000e+00	 GaN }
{ -8.85559e-01	 0.00000e+00	 GaN }
{ -8.44390e-01	 0.00000e+00	 GaN }
{ -8.04126e-01	 0.00000e+00	 GaN }
{ -7.64745e-01	 0.00000e+00	 GaN }
{ -7.26230e-01	 0.00000e+00	 GaN }
{ -6.88561e-01	 0.00000e+00	 GaN }
{ -6.51719e-01	 0.00000e+00	 GaN }
{ -6.15686e-01	 0.00000e+00	 GaN }
{ -5.80445e-01	 0.00000e+00	 GaN }
{ -5.45978e-01	 0.00000e+00	 GaN }
{ -5.12268e-01	 0.00000e+00	 GaN }
{ -4.79298e-01	 0.00000e+00	 GaN }
{ -4.47053e-01	 0.00000e+00	 GaN }
{ -4.15516e-01	 0.00000e+00	 GaN }
{ -3.84671e-01	 0.00000e+00	 GaN }
{ -3.54504e-01	 0.00000e+00	 GaN }
{ -3.25000e-01	 0.00000e+00	 GaN }
{ -2.95331e-01	 0.00000e+00	 GaN }
{ -2.68749e-01	 0.00000e+00	 GaN }
{ -2.44932e-01	 0.00000e+00	 GaN }
{ -2.23593e-01	 0.00000e+00	 GaN }
{ -2.04475e-01	 0.00000e+00	 GaN }
{ -1.87345e-01	 0.00000e+00	 GaN }
{ -1.71998e-01	 0.00000e+00	 GaN }
{ -1.58248e-01	 0.00000e+00	 GaN }
{ -1.45928e-01	 0.00000e+00	 GaN }
{ -1.34890e-01	 0.00000e+00	 GaN }
{ -1.25000e-01	 0.00000e+00	 GaN }
{ -1.15109e-01	 0.00000e+00	 GaN }
{ -1.05419e-01	 0.00000e+00	 GaN }
{ -9.59231e-02	 9.64327e-17	 GaN }
{ -8.66194e-02	 3.47158e-15	 GaN }
{ -7.75033e-02	 1.21120e-13	 GaN }
{ -6.85713e-02	 3.40678e-12	 GaN }
{ -5.98195e-02	 7.90995e-11	 GaN }
{ -5.12443e-02	 1.53068e-09	 GaN }
{ -4.28422e-02	 2.49056e-08	 GaN }
{ -3.46096e-02	 3.43659e-07	 GaN }
{ -2.65432e-02	 4.05558e-06	 GaN }
{ -1.86395e-02	 4.13347e-05	 GaN }
{ -1.08953e-02	 3.70244e-04	 GaN }
{ -3.30745e-03	 3.10605e-03	 GaN }
{  4.12730e-03	 1.87682e-02	 GaN }
{  1.14120e-02	 1.00011e-01	 GaN }
{  1.85497e-02	 3.75083e-01	 GaN }
{  2.55434e-02	 8.77149e-01	 GaN }
{  3.23959e-02	 1.46415e+00	 GaN }
{  3.91102e-02	 2.04460e+00	 GaN }
{  4.56890e-02	 2.59417e+00	 GaN }
{  5.21349e-02	 3.10930e+00	 GaN }
{  5.84509e-02	 3.59161e+00	 GaN }
{  6.46393e-02	 4.04423e+00	 GaN }
{  7.07029e-02	 4.47120e+00	 GaN }
{  7.66441e-02	 4.87783e+00	 GaN }
{  8.24654e-02	 5.27115e+00	 GaN }
{  8.81692e-02	 5.66119e+00	 GaN }
{  9.37580e-02	 6.06314e+00	 GaN }
{  9.92339e-02	 6.50115e+00	 GaN }
{  1.04599e-01	 7.01526e+00	 GaN }
{  1.09857e-01	 7.67098e+00	 GaN }
{  1.15008e-01	 8.56083e+00	 GaN }
{  1.20055e-01	 9.76427e+00	 GaN }
{  1.25000e-01	 1.12711e+01	 GaN }
{  1.30032e-01	 1.30671e+01	 GaN }
{  1.35232e-01	 1.50789e+01	 GaN }
{  1.40607e-01	 1.70395e+01	 GaN }
{  1.46162e-01	 1.80971e+01	 GaN }
{  1.51904e-01	 1.83780e+01	 GaN }
{  1.57838e-01	 1.84391e+01	 GaN }
{  1.63972e-01	 1.84469e+01	 GaN }
{  1.70311e-01	 1.84202e+01	 GaN }
{  1.76863e-01	 1.83607e+01	 GaN }
{  1.83635e-01	 1.82669e+01	 GaN }
{  1.90634e-01	 1.81352e+01	 GaN }
{  1.97868e-01	 1.79648e+01	 GaN }
{  2.05345e-01	 1.57234e+01	 GaN }
{  2.13073e-01	 1.10959e+01	 GaN }
{  2.21060e-01	 8.08318e+00	 GaN }
{  2.29315e-01	 6.49746e+00	 GaN }
{  2.37847e-01	 5.50275e+00	 GaN }
{  2.46666e-01	 4.70271e+00	 GaN }
{  2.55780e-01	 3.94761e+00	 GaN }
{  2.65201e-01	 3.17393e+00	 GaN }
{  2.74937e-01	 2.34976e+00	 GaN }
{  2.85000e-01	 1.46336e+00	 GaN }
{  2.95000e-01	 6.20535e-01	 GaN }
{  3.05000e-01	 1.18281e-01	 GaN }
{  3.15000e-01	 1.14625e-02	 GaN }
{  3.25000e-01	 8.54793e-04	 GaN }
{  3.35000e-01	 5.41792e-05	 GaN }
{  3.45000e-01	 2.94351e-06	 GaN }
{  3.55000e-01	 1.36976e-07	 GaN }
{  3.65000e-01	 5.45558e-09	 GaN }
{  3.75000e-01	 1.85780e-10	 GaN }
{  3.85000e-01	 5.40641e-12	 GaN }
{  3.95000e-01	 1.34331e-13	 GaN }
{  4.05000e-01	 2.89298e-15	 GaN }
{  4.15000e-01	 9.64327e-17	 GaN }
{  4.25000e-01	 0.00000e+00	 GaN }
{  4.35000e-01	 0.00000e+00	 GaN }
{  4.45000e-01	 0.00000e+00	 GaN }
{  4.55000e-01	 0.00000e+00	 GaN }
{  4.65000e-01	 0.00000e+00	 GaN }
{  4.75000e-01	 0.00000e+00	 GaN }
{  4.85000e-01	 0.00000e+00	 GaN }
{  4.94761e-01	 0.00000e+00	 GaN }
{  5.04955e-01	 0.00000e+00	 GaN }
{  5.15600e-01	 0.00000e+00	 GaN }
{  5.26716e-01	 0.00000e+00	 GaN }
{  5.38324e-01	 0.00000e+00	 GaN }
{  5.50446e-01	 0.00000e+00	 GaN }
{  5.63105e-01	 0.00000e+00	 GaN }
{  5.76325e-01	 0.00000e+00	 GaN }
{  5.90129e-01	 0.00000e+00	 GaN }
{  6.04545e-01	 0.00000e+00	 GaN }
{  6.19599e-01	 0.00000e+00	 GaN }
{  6.35320e-01	 0.00000e+00	 GaN }
{  6.51736e-01	 0.00000e+00	 GaN }
{  6.68880e-01	 0.00000e+00	 GaN }
{  6.86782e-01	 0.00000e+00	 GaN }
{  7.05477e-01	 0.00000e+00	 GaN }
{  7.25000e-01	 0.00000e+00	 GaN }
{  7.45031e-01	 0.00000e+00	 GaN }
{  7.65301e-01	 0.00000e+00	 GaN }
{  7.85815e-01	 0.00000e+00	 GaN }
{  8.06573e-01	 0.00000e+00	 GaN }
{  8.27581e-01	 0.00000e+00	 GaN }
{  8.48840e-01	 0.00000e+00	 GaN }
{  8.70353e-01	 0.00000e+00	 GaN }
{  8.92124e-01	 0.00000e+00	 GaN }
{  9.14155e-01	 0.00000e+00	 GaN }
{  9.36450e-01	 0.00000e+00	 GaN }
{  9.59012e-01	 0.00000e+00	 GaN }
{  9.81844e-01	 0.00000e+00	 GaN }
{  1.00495e+00	 0.00000e+00	 GaN }
{  1.02833e+00	 0.00000e+00	 GaN }
{  1.05199e+00	 0.00000e+00	 GaN }
{  1.07594e+00	 0.00000e+00	 GaN }
{  1.10017e+00	 0.00000e+00	 GaN }
{  1.12469e+00	 0.00000e+00	 GaN }
{  1.14951e+00	 0.00000e+00	 GaN }
{  1.17462e+00	 0.00000e+00	 GaN }
{  1.20003e+00	 0.00000e+00	 GaN }
{  1.22575e+00	 0.00000e+00	 GaN }
{  1.25178e+00	 0.00000e+00	 GaN }
{  1.27811e+00	 0.00000e+00	 GaN }
{  1.30477e+00	 0.00000e+00	 GaN }
{  1.33174e+00	 0.00000e+00	 GaN }
{  1.35903e+00	 0.00000e+00	 GaN }
{  1.38665e+00	 0.00000e+00	 GaN }
{  1.41460e+00	 0.00000e+00	 GaN }
{  1.44289e+00	 0.00000e+00	 GaN }
{  1.47151e+00	 0.00000e+00	 GaN }
{  1.50048e+00	 0.00000e+00	 GaN }
{  1.52980e+00	 0.00000e+00	 GaN }
{  1.55946e+00	 0.00000e+00	 GaN }
{  1.58948e+00	 0.00000e+00	 GaN }
{  1.61986e+00	 0.00000e+00	 GaN }
{  1.65060e+00	 0.00000e+00	 GaN }
{  1.68171e+00	 0.00000e+00	 GaN }
{  1.71320e+00	 0.00000e+00	 GaN }
{  1.74506e+00	 0.00000e+00	 GaN }
{  1.77730e+00	 0.00000e+00	 GaN }
{  1.80993e+00	 0.00000e+00	 GaN }
{  1.84295e+00	 0.00000e+00	 GaN }
{  1.87636e+00	 0.00000e+00	 GaN }
{  1.91017e+00	 0.00000e+00	 GaN }
{  1.94439e+00	 0.00000e+00	 GaN }
{  1.97902e+00	 0.00000e+00	 GaN }
{  2.01406e+00	 0.00000e+00	 GaN }
{  2.04953e+00	 0.00000e+00	 GaN }
{  2.08541e+00	 0.00000e+00	 GaN }
{  2.12173e+00	 0.00000e+00	 GaN }
{  2.15848e+00	 0.00000e+00	 GaN }
