1.0, 802.1848
0.9, 793.3973000000001
0.8, 783.0517
0.7, 770.8668
0.6, 756.7646000000001
0.5, 740.9844
0.4, 723.9429
0.3, 705.9954
0.2, 687.3661999999999
0.1, 668.1897
0.0, 648.5521
-0.1, 628.525
-0.2, 607.9728
-0.3, 586.9163000000001
-0.4, 565.5045
-0.5, 543.8132
-0.6, 521.8633
-0.7, 499.6865
-0.8, 477.27430000000004
-0.9, 454.40930000000003
-1.0, 431.2874
-1.1, 408.01230000000004
-1.2, 384.4942
-1.3, 360.8046
-1.4, 336.963
-1.5, 312.9831
-1.6, 288.9425
-1.7, 264.8572
-1.8, 240.7534
-1.9, 216.7611
-2.0, 192.8908
-2.1, 169.2373
-2.2, 145.9425
-2.3, 123.0739
-2.4, 100.7628
-2.5, 79.16958
-2.6, 58.70036
-2.7, 39.85913
-2.8, 23.13397
-2.9, 9.916721
-3.0, 2.135001
-3.1, 0.1596294
-3.2, 0.007154619
-3.3, 0.0002898518
-3.4, 1.126999e-5
-3.5, 5.684694e-7
-3.6, 5.719949e-8
-3.7, 3.9293680000000005e-8
-3.8, 6.154602e-8
-3.9, 2.080365e-9
-4.0, 1.3549280000000002e-7
