1.5, 882.274
1.4, 871.4929
1.3, 859.0813999999999
1.2, 845.0708
1.1, 829.7119
1.0, 813.3411
0.9, 796.2447
0.8, 778.6288000000001
0.7, 760.3837
0.6, 741.6131
0.5, 722.4672
0.4, 703.0359
0.3, 683.3442
0.2, 663.4148
0.1, 643.2705
0.0, 622.9343
-0.1, 602.4067
-0.2, 581.5162
-0.3, 560.3817
-0.4, 539.0979
-0.5, 517.6846
-0.6, 496.0534
-0.7, 474.2551
-0.8, 452.3629
-0.9, 430.3627
-1.0, 408.19419999999997
-1.1, 385.9144
-1.2, 363.61379999999997
-1.3, 341.2808
-1.4, 318.8446
-1.5, 296.42600000000004
-1.6, 274.0487
-1.7, 251.7272
-1.8, 229.4607
-1.9, 207.3435
-2.0, 185.4225
-2.1, 163.7575
-2.2, 142.2979
-2.3, 121.2765
-2.4, 100.6576
-2.5, 80.6937
-2.6, 61.61904
-2.7, 43.77953
-2.8, 27.46807
-2.9, 13.77779
-3.0, 4.177695
-3.1, 0.4656631
-3.2, 0.023800270000000002
-3.3, 0.001005363
-3.4, 4.0160489999999995e-5
-3.5, 1.4948780000000001e-6
-3.6, 1.356729e-7
-3.7, 4.250813e-9
-3.8, 6.146134e-8
-3.9, 2.516971e-8
-4.0, 8.973051e-8
