Vd,Id_highk,Id_sin,Epk_highk,Epk_sin,Te_highk,Te_sin
0.5,48.1556,48.4322,3693.05,3700.34,307.371,307.398
1,90.1411,90.8487,10663.7,10645.9,351.335,351.186
1.5,121.335,122.644,28364.1,28167.2,556.102,553.39
2,135.512,137.331,101983,100833,1727.21,1707.7
2.5,142.16,144.202,205918,205426,3594.46,3585.69
3,146.949,149.148,267952,268193,4831.04,4835.81
3.5,150.804,153.131,323853,324561,5937.44,5950.86
4,154.044,156.483,378825,380200,6980.72,7006.82
4.5,156.825,159.362,420104,421571,7765.27,7793.16
5,159.229,161.855,455519,457619,8438.94,8478.9
5.5,161.305,164.01,484952,487024,8999.15,9038.6
6,163.083,165.855,508094,510474,9439.81,9485.12
6.5,164.577,167.405,526358,528978,9787.64,9837.56
7,165.799,168.669,540339,542410,10054,10093.4
7.5,166.756,169.652,548496,549984,10209.4,10237.7
8,167.462,170.367,558828,561587,10406.2,10458.8
8.5,167.944,170.855,564776,565566,10519.6,10534.6
9,168.263,171.194,566663,566235,10555.5,10547.4
9.5,168.486,171.461,567147,565661,10564.8,10536.4
10,168.656,171.691,567104,564457,10563.9,10513.5
10.5,168.794,171.897,566834,565527,10558.8,10533.9
11,168.909,172.087,566470,566464,10551.9,10551.8
11.5,169.006,172.264,566077,567283,10544.4,10567.4
12,169.09,172.43,565686,568008,10536.9,10581.2
12.5,169.163,172.587,565367,571066,10530.9,10639.5
13,169.227,172.736,565688,574220,10537,10699.6
13.5,169.284,172.877,565967,576778,10542.3,10748.3
14,169.336,173.012,566216,580008,10547,10809.9
14.5,169.383,173.141,566438,584588,10551.3,10897.2
15,169.427,173.264,566640,588739,10555.1,10976.3
15.5,169.468,173.382,568451,592482,10589.6,11047.6
16,169.506,173.495,570219,595840,10623.3,11111.6
16.5,169.541,173.604,571891,598838,10655.2,11168.8
17,169.575,173.708,573478,601499,10685.4,11219.5
17.5,169.607,173.808,574989,603850,10714.2,11264.3
18,169.637,173.904,576433,605913,10741.7,11303.6
18.5,169.666,173.996,577814,607712,10768,11337.9
19,169.694,174.085,579139,609270,10793.3,11367.6
19.5,169.72,174.17,580411,610607,10817.5,11393.1
20,169.746,174.252,581635,611742,10840.9,11414.7
