Vd,y_um,E_highk_Vcm,E_sin_Vcm
3,-1.25,1432.88,1448.79
3,-1.20083,1714.57,1728.67
3,-1.15273,1714.58,1728.69
3,-1.10569,1305.84,1319.38
3,-1.05969,1305.7,1319.23
3,-1.0147,2691.37,2691.37
3,-0.970692,2829.33,2823.91
3,-0.927653,2880.55,2869.54
3,-0.885559,2931.17,2904.92
3,-0.84439,2931.17,2904.93
3,-0.804126,2950.05,2914.64
3,-0.764745,2987.38,2931.09
3,-0.72623,2987.38,2931.09
3,-0.688561,3007.58,2939.64
3,-0.651719,3029.5,2949.13
3,-0.615686,3053.57,2960.09
3,-0.580445,3080.27,2973.1
3,-0.545978,3110.14,2988.99
3,-0.512268,3143.93,3009.01
3,-0.479298,3182.67,3035.17
3,-0.447053,3227.85,3070.88
3,-0.415516,3281.72,3122.14
3,-0.384671,3347.38,3199.07
3,-0.354504,3427.12,3314.87
3,-0.325,3510.6,3464.01
3,-0.295331,3587.51,3598.93
3,-0.268749,3648.75,3695.36
3,-0.244932,3648.75,3695.36
3,-0.223593,3665.39,3715.08
3,-0.204475,3692.14,3743.18
3,-0.187345,3851.75,3905.16
3,-0.171998,3851.7,3905.11
3,-0.158248,4074.73,4130.58
3,-0.145928,4548.77,4609.43
3,-0.13489,7675.61,7759.93
3,-0.125,7676.82,7761.15
3,-0.115109,10610.1,10705.9
3,-0.105419,12995,13094.3
3,-0.0959231,14463.1,14563.2
3,-0.0866194,15405.8,15506.8
3,-0.0775033,16132.1,16234.7
3,-0.0685713,17440.6,17547.5
3,-0.0598195,17440.6,17547.5
3,-0.0512443,18114.4,18223.9
3,-0.0428422,18826.7,18938.8
3,-0.0346096,19589.2,19704.2
3,-0.0265432,20415.1,20533.1
3,-0.0186395,21328.9,21450.1
3,-0.0108953,22423.9,22548.7
3,-0.00330745,24570.7,24707
3,0.0041273,26209.4,26347.4
3,0.011412,26210.7,26348.8
3,0.0185497,27436.2,27577.1
3,0.0255434,30756.3,30905.8
3,0.0323959,30756.3,30905.8
3,0.0391102,32820.9,32975.2
3,0.045689,37998.1,38162.8
3,0.0521349,37997.8,38162.4
3,0.0584509,41279.6,41449.7
3,0.0646393,45188.7,45364.3
3,0.0707029,49904.6,50085.6
3,0.0766441,55672.3,55858.7
3,0.0824654,62828.3,63019.6
3,0.0881692,71833.3,72029.2
3,0.093758,83313,83512.6
3,0.0992339,117156,117361
3,0.104599,117171,117375
3,0.109857,141582,141788
3,0.115008,171829,172037
3,0.120055,240334,240549
3,0.125,240568,240783
3,0.130032,263458,263684
3,0.135232,259854,260102
3,0.140607,233148,233478
3,0.146162,28966.1,29480.5
3,0.151904,29056.5,29570.4
3,0.157838,13647.3,13883.3
3,0.163972,9112.92,9263.47
3,0.170311,7254.82,7371.34
3,0.176863,6300.28,6399.85
3,0.183635,5368.28,5451.83
3,0.190634,5114.62,5193.92
3,0.197868,5114.83,5194.14
3,0.205345,4790.59,4864.57
3,0.213073,4790.68,4864.65
3,0.22106,4681.23,4753.44
3,0.229315,4519.01,4588.64
3,0.237847,4456.1,4524.76
3,0.246666,4456.12,4524.78
3,0.25578,4401.2,4469.01
3,0.265201,4307.92,4374.31
3,0.274937,4307.93,4374.32
3,0.285,4263.15,4328.87
3,0.295,4221.76,4286.86
3,0.305,4190.24,4254.87
3,0.315,4136.12,4199.93
3,0.325,4136.13,4199.94
3,0.335,4113.29,4176.74
3,0.345,4092.9,4156.01
3,0.355,4074.75,4137.51
3,0.365,4058.65,4121.04
3,0.375,4044.42,4106.37
3,0.385,4031.87,4093.25
3,0.395,4020.82,4081.42
3,0.405,4011.05,4070.5
3,0.415,4002.31,4060
3,0.425,3994.24,4049.24
3,0.435,3986.38,4037.21
3,0.445,3978.09,4022.55
3,0.455,3968.53,4003.48
3,0.465,3956.67,3977.87
3,0.475,3941.34,3943.63
3,0.485,3919.88,3897.83
3,0.494761,3882.63,3800.78
3,0.504955,3882.61,3800.76
3,0.5156,3852.75,3738.87
3,0.526716,3820.41,3676.38
3,0.538324,3787.77,3617.51
3,0.550446,3726.29,3518.37
3,0.563105,3726.29,3518.37
3,0.576325,3698.52,3478.87
3,0.590129,3672.82,3445.41
3,0.604545,3626.9,3393.34
3,0.619599,3626.91,3393.34
3,0.63532,3606.14,3373.08
3,0.651736,3567.59,3340.67
3,0.66888,3549.24,3327.43
3,0.686782,3531.13,3315.52
3,0.705477,3531.13,3315.53
3,0.725,3511.25,3302.91
3,0.745031,3489.44,3289.26
3,0.765301,3469.89,3278.26
3,0.785815,3452.67,3269.84
3,0.806573,3435.88,3262.08
3,0.827581,3419.44,3254.83
3,0.84884,3387.78,3241.72
3,0.870353,3387.78,3241.72
3,0.892124,3358.08,3230.37
3,0.914155,3344.1,3225.36
3,0.93645,3344.1,3225.36
3,0.959012,3318.06,3216.64
3,0.981844,3318.06,3216.64
3,1.00495,3306.03,3212.92
3,1.02833,3284.02,3206.68
3,1.05199,3284.02,3206.68
3,1.07594,3274.01,3204.12
3,1.10017,3264.64,3201.9
3,1.12469,3255.91,3200.01
3,1.14951,3247.78,3198.41
3,1.17462,3233.22,3196.02
3,1.20003,3233.22,3196.02
3,1.22575,3226.75,3195.18
3,1.25178,3220.78,3194.55
3,1.27811,3215.29,3194.12
3,1.30477,3210.25,3193.86
3,1.33174,3205.63,3193.76
3,1.35903,3201.41,3193.81
3,1.38665,3197.58,3193.98
3,1.4146,3194.1,3194.28
3,1.44289,3190.96,3194.68
3,1.47151,3188.14,3195.18
3,1.50048,3185.62,3195.77
3,1.5298,3183.37,3196.43
3,1.55946,3181.4,3197.17
3,1.58948,3179.67,3197.98
3,1.61986,3178.17,3198.84
3,1.6506,3176.89,3199.76
3,1.68171,3174.93,3201.75
3,1.7132,3174.93,3201.75
3,1.74506,3174.23,3202.8
3,1.7773,3173.69,3203.9
3,1.80993,3173.09,3206.2
3,1.84295,3173,3207.4
3,1.87636,3173,3207.4
3,1.91017,3173.04,3208.62
3,1.94439,3173.2,3209.88
3,1.97902,3173.85,3212.46
3,2.01406,3173.85,3212.46
3,2.04953,3174.89,3215.14
3,2.08541,3175.55,3216.52
3,2.12173,3175.55,3216.52
3,2.15848,3176.28,3217.91
3,2.19567,3177.09,3219.33
3,2.23331,3177.97,3220.76
3,2.27139,3178.92,3222.21
3,2.30994,3179.93,3223.68
3,2.34894,3180.99,3225.17
3,2.38841,3182.1,3226.67
3,2.42835,3183.26,3228.19
3,2.46878,3184.46,3229.71
3,2.50968,3186.97,3232.78
3,2.55108,3188.26,3234.31
3,2.59297,3188.26,3234.31
3,2.63536,3189.56,3235.82
3,2.67826,3190.84,3237.28
3,2.72167,3192.08,3238.68
3,2.7656,3193.23,3239.94
3,2.81006,3194.2,3240.99
3,2.85505,3194.85,3241.66
3,2.90058,3194.95,3241.71
3,2.94666,3191.34,3237.63
3,2.99328,3191.34,3237.62
3,3.04047,3185.25,3230.95
3,3.08822,3144.4,3186.83
3,3.13654,3144.39,3186.83
3,3.18544,2791.05,2821.69
3,3.23492,2790.88,2821.51
3,3.285,798.52,809.171
3,3.32667,798.677,809.33
3,3.36833,1779.35,1798.87
3,3.41,1472.83,1491.07
10,-1.25,1645.65,1669.02
10,-1.20083,1967.6,1989.9
10,-1.15273,1967.62,1989.91
10,-1.10569,1498.66,1518.77
10,-1.05969,1498.5,1518.6
10,-1.0147,3088.58,3098.06
10,-0.970692,3247.81,3251.35
10,-0.927653,3307.38,3304.4
10,-0.885559,3366.95,3346.03
10,-0.84439,3366.95,3346.03
10,-0.804126,3389.37,3357.64
10,-0.764745,3433.79,3377.41
10,-0.72623,3433.79,3377.41
10,-0.688561,3457.81,3387.68
10,-0.651719,3483.87,3399.08
10,-0.615686,3512.46,3412.18
10,-0.580445,3544.15,3427.71
10,-0.545978,3579.6,3446.63
10,-0.512268,3619.66,3470.4
10,-0.479298,3665.57,3501.41
10,-0.447053,3719.09,3543.68
10,-0.415516,3782.89,3604.29
10,-0.384671,3860.64,3695.26
10,-0.354504,3955.09,3832.33
10,-0.325,4054.18,4009.29
10,-0.295331,4145.1,4169.33
10,-0.268749,4216.93,4283.29
10,-0.244932,4216.93,4283.29
10,-0.223593,4235.8,4305.88
10,-0.204475,4266.17,4337.92
10,-0.187345,4451.34,4526.36
10,-0.171998,4451.29,4526.3
10,-0.158248,4713.51,4792.16
10,-0.145928,5275.73,5361.71
10,-0.13489,9081.73,9207.63
10,-0.125,9083.22,9209.14
10,-0.115109,12802.6,12954
10,-0.105419,15960.4,16125.8
10,-0.0959231,18004.5,18177.6
10,-0.0866194,19383.7,19563.1
10,-0.0775033,20486.8,20672.8
10,-0.0685713,22535.7,22736.2
10,-0.0598195,22535.8,22736.2
10,-0.0512443,23610.7,23819.2
10,-0.0428422,24757.6,24974.8
10,-0.0346096,25995.5,26222
10,-0.0265432,27344.1,27580.4
10,-0.0186395,28835.3,29082.1
10,-0.0108953,30586.4,30844.5
10,-0.00330745,33790.9,34075.3
10,0.0041273,37166.9,37473.1
10,0.011412,37167.6,37473.7
10,0.0185497,39427.6,39747.7
10,0.0255434,45402.5,45759
10,0.0323959,45401.1,45757.7
10,0.0391102,49139.9,49518.1
10,0.045689,58617.4,59047
10,0.0521349,58613.4,59043
10,0.0584509,64670.3,65130.5
10,0.0646393,71913.2,72408.3
10,0.0707029,80668.3,81203.3
10,0.0766441,91371.5,91952.9
10,0.0824654,104608,105243
10,0.0881692,121160,121859
10,0.093758,142060,142836
10,0.0992339,202490,203469
10,0.104599,202480,203458
10,0.109857,245241,246348
10,0.115008,297965,299220
10,0.120055,422796,424364
10,0.125,423888,425473
10,0.130032,479523,481259
10,0.135232,512762,514643
10,0.140607,518995,521023
10,0.146162,473647,475873
10,0.151904,473328,475548
10,0.157838,437365,439643
10,0.163972,399734,402068
10,0.170311,362933,365336
10,0.176863,328192,330682
10,0.183635,266663,269397
10,0.190634,239993,242893
10,0.197868,239988,242888
10,0.205345,194256,197596
10,0.213073,194255,197595
10,0.22106,174815,178439
10,0.229315,141834,146177
10,0.237847,127953,132737
10,0.246666,127953,132737
10,0.25578,115623,120905
10,0.265201,95224.5,101645
10,0.274937,95225,101646
10,0.285,86981.5,94024.5
10,0.295,80026.4,87696.9
10,0.305,74416.4,82705.1
10,0.315,66426,75966.9
10,0.325,66426.5,75967.4
10,0.335,63775.2,73989.8
10,0.345,61869.8,72826.9
10,0.355,60624.7,72426.6
10,0.365,59975.8,72762.9
10,0.375,59880.4,73836.8
10,0.385,60315.9,75676.6
10,0.395,61278.9,78338.4
10,0.405,62783.1,81905.2
10,0.415,64856.7,86481.6
10,0.425,67536.7,92180.7
10,0.435,70857.1,99091.6
10,0.445,74826.8,107214
10,0.455,79390.2,116343
10,0.465,84368.6,125876
10,0.475,89391.2,134595
10,0.485,93809.9,140388
10,0.494761,98127.5,132293
10,0.504955,98127.4,132309
10,0.5156,96747.8,105352
10,0.526716,92334,58833.9
10,0.538324,84638.8,29671.3
10,0.550446,60335.6,13331.8
10,0.563105,60332.8,13334
10,0.576325,47090.3,10889.8
10,0.590129,36393,9451.14
10,0.604545,23795.1,7855.07
10,0.619599,23795.9,7855.18
10,0.63532,20334.5,7370.57
10,0.651736,16002.3,6703.42
10,0.66888,14540.7,6462.2
10,0.686782,13345.8,6259.59
10,0.705477,13345.8,6259.6
10,0.725,12331.1,6081.65
10,0.745031,11453.3,5922.06
10,0.765301,10704.6,5785.12
10,0.785815,10062.5,5667.32
10,0.806573,9500.08,5561.86
10,0.827581,9003.24,5466.5
10,0.84884,8169,5300.87
10,0.870353,8169.01,5300.88
10,0.892124,7504.29,5163.67
10,0.914155,7223.37,5104.44
10,0.93645,7223.37,5104.44
10,0.959012,6745.7,5002.65
10,0.981844,6745.7,5002.65
10,1.00495,6542.79,4959.32
10,1.02833,6195.93,4885.9
10,1.05199,6195.93,4885.9
10,1.07594,6047.72,4855.09
10,1.10017,5913.89,4827.75
10,1.12469,5792.89,4803.56
10,1.14951,5683.35,4782.22
10,1.17462,5493.97,4747.01
10,1.20003,5493.97,4747.01
10,1.22575,5412.14,4732.64
10,1.25178,5337.75,4720.14
10,1.27811,5270.07,4709.31
10,1.30477,5208.46,4699.98
10,1.33174,5152.35,4691.99
10,1.35903,5101.22,4685.19
10,1.38665,5054.63,4679.45
10,1.4146,5012.17,4674.67
10,1.44289,4973.48,4670.73
10,1.47151,4938.23,4667.55
10,1.50048,4906.14,4665.03
10,1.5298,4876.92,4663.11
10,1.55946,4850.35,4661.72
10,1.58948,4826.21,4660.81
10,1.61986,4804.3,4660.31
10,1.6506,4784.45,4660.18
10,1.68171,4750.23,4660.87
10,1.7132,4750.23,4660.87
10,1.74506,4735.6,4661.62
10,1.7773,4722.43,4662.6
10,1.80993,4700.06,4665.16
10,1.84295,4690.66,4666.69
10,1.87636,4690.66,4666.69
10,1.91017,4682.31,4668.37
10,1.94439,4674.95,4670.17
10,1.97902,4662.85,4674.13
10,2.01406,4662.85,4674.13
10,2.04953,4653.82,4678.46
10,2.08541,4650.31,4680.75
10,2.12173,4650.31,4680.75
10,2.15848,4647.4,4683.1
10,2.19567,4645.04,4685.52
10,2.23331,4643.18,4687.99
10,2.27139,4641.78,4690.51
10,2.30994,4640.81,4693.07
10,2.34894,4640.22,4695.66
10,2.38841,4639.98,4698.28
10,2.42835,4640.06,4700.91
10,2.46878,4640.41,4703.53
10,2.50968,4641.77,4708.68
10,2.55108,4642.68,4711.12
10,2.59297,4642.68,4711.12
10,2.63536,4643.67,4713.42
10,2.67826,4644.63,4715.47
10,2.72167,4645.45,4717.17
10,2.7656,4645.94,4718.33
10,2.81006,4645.86,4718.69
10,2.85505,4644.8,4717.81
10,2.90058,4642.13,4715.04
10,2.94666,4626.96,4698.51
10,2.99328,4626.96,4698.51
10,3.04047,4609.11,4679.08
10,3.08822,4508.91,4571.5
10,3.13654,4508.9,4571.5
10,3.18544,3800.07,3842.16
10,3.23492,3799.82,3841.91
10,3.285,969.17,984.525
10,3.32667,969.395,984.755
10,3.36833,2262.13,2290.64
10,3.41,1849.02,1875.97
20,-1.25,1656.34,1694.07
20,-1.20083,1980.3,2019.58
20,-1.15273,1980.32,2019.6
20,-1.10569,1508.34,1541.42
20,-1.05969,1508.17,1541.25
20,-1.0147,3108.52,3144.27
20,-0.970692,3268.82,3299.93
20,-0.927653,3328.81,3353.83
20,-0.885559,3388.85,3396.19
20,-0.84439,3388.85,3396.19
20,-0.804126,3411.45,3408.01
20,-0.764745,3456.23,3428.18
20,-0.72623,3456.23,3428.18
20,-0.688561,3480.45,3438.65
20,-0.651719,3506.72,3450.27
20,-0.615686,3535.55,3463.63
20,-0.580445,3567.5,3479.45
20,-0.545978,3603.23,3498.73
20,-0.512268,3643.62,3522.94
20,-0.479298,3689.9,3554.51
20,-0.447053,3743.85,3597.54
20,-0.415516,3808.16,3659.24
20,-0.384671,3886.53,3751.83
20,-0.354504,3981.73,3891.36
20,-0.325,4081.61,4071.55
20,-0.295331,4173.23,4234.48
20,-0.268749,4245.55,4350.33
20,-0.244932,4245.55,4350.33
20,-0.223593,4264.48,4373.13
20,-0.204475,4294.97,4405.48
20,-0.187345,4481.29,4596.58
20,-0.171998,4481.24,4596.52
20,-0.158248,4745.35,4866.75
20,-0.145928,5311.89,5446.34
20,-0.13489,9151.79,9370.77
20,-0.125,9153.3,9372.32
20,-0.115109,12912.5,13208.8
20,-0.105419,16109.8,16471.3
20,-0.0959231,18183.3,18590.6
20,-0.0866194,19584.7,20026.8
20,-0.0775033,20706.6,21179.6
20,-0.0685713,22791.6,23325.4
20,-0.0598195,22791.6,23325.5
20,-0.0512443,23885.5,24451.9
20,-0.0428422,25052.8,25653.9
20,-0.0346096,26312.5,26950.8
20,-0.0265432,27684.5,28362.6
20,-0.0186395,29200.9,29921.7
20,-0.0108953,30979.5,31746.6
20,-0.00330745,34228.5,35078.1
20,0.0041273,37679.4,38646.2
20,0.011412,37680,38646.7
20,0.0185497,39982.3,41016.6
20,0.0255434,46061.3,47263.6
20,0.0323959,46059.9,47262
20,0.0391102,49862,51165.6
20,0.045689,59496.3,61048.5
20,0.0521349,59492.1,61043.8
20,0.0584509,65646.3,67350.9
20,0.0646393,73003.2,74885.6
20,0.0707029,81892.7,83983.6
20,0.0766441,92755.9,95093.2
20,0.0824654,106184,108815
20,0.0881692,122966,125949
20,0.093758,144144,147551
20,0.0992339,205312,209837
20,0.104599,205299,209820
20,0.109857,248529,253758
20,0.115008,301789,307824
20,0.120055,427733,435416
20,0.125,428886,436670
20,0.130032,485049,493594
20,0.135232,518793,528056
20,0.140607,525521,535520
20,0.146162,480780,491723
20,0.151904,480441,491350
20,0.157838,444611,455710
20,0.163972,407095,418351
20,0.170311,370432,381873
20,0.176863,335870,347555
20,0.183635,274864,287274
20,0.190634,248552,261461
20,0.197868,248548,261456
20,0.205345,203756,217970
20,0.213073,203754,217968
20,0.22106,184906,199937
20,0.229315,153367,170381
20,0.237847,140331,158516
20,0.246666,140332,158517
20,0.25578,128920,148395
20,0.265201,110490,132910
20,0.274937,110491,132911
20,0.285,103255,127351
20,0.295,97269.3,123170
20,0.305,92565.5,120382
20,0.315,86275.7,118437
20,0.325,86276.1,118437
20,0.335,84478.4,119170
20,0.345,83479,121029
20,0.355,83232.9,124054
20,0.365,83718.1,128322
20,0.375,84935.4,133955
20,0.385,86909.5,141123
20,0.395,89689.2,150050
20,0.405,93348.8,161016
20,0.415,97986.9,174360
20,0.425,103723,190464
20,0.435,110683,209718
20,0.445,118976,232427
20,0.455,128642,258661
20,0.465,139569,287981
20,0.475,151407,319168
20,0.485,163420,349877
20,0.494761,184368,397753
20,0.504955,184369,397754
20,0.5156,192209,411187
20,0.526716,197763,416167
20,0.538324,201063,413208
20,0.550446,202294,389276
20,0.563105,202293,389270
20,0.576325,201120,371430
20,0.590129,199302,351369
20,0.604545,194927,307729
20,0.619599,194926,307727
20,0.63532,192774,285031
20,0.651736,189057,238464
20,0.66888,187531,214221
20,0.686782,186173,188785
20,0.705477,186173,188786
20,0.725,184883,160924
20,0.745031,183496,129598
20,0.765301,181879,86120.8
20,0.785815,179908,45793.1
20,0.806573,177431,26570.2
20,0.827581,174324,18813.9
20,0.84884,165839,13019.9
20,0.870353,165839,13020.2
20,0.892124,153846,10665.5
20,0.914155,146358,9931.71
20,0.93645,146358,9931.76
20,0.959012,127790,8903.55
20,0.981844,127790,8903.57
20,1.00495,116220,8531.57
20,1.02833,85655,7967.75
20,1.05199,85654.7,7967.76
20,1.07594,65099.8,7751.81
20,1.10017,45416.1,7568.85
20,1.12469,31905.1,7413.05
20,1.14951,24086.6,7279.86
20,1.17462,16654,7067.52
20,1.20003,16654.2,7067.52
20,1.22575,14692.2,6983.07
20,1.25178,13267.7,6910.32
20,1.27811,12185.4,6847.65
20,1.30477,11335.2,6793.67
20,1.33174,10650.4,6747.21
20,1.35903,10087.9,6707.29
20,1.38665,9618.89,6673.06
20,1.4146,9222.81,6643.8
20,1.44289,8884.93,6618.87
20,1.47151,8594.25,6597.73
20,1.50048,8342.44,6579.91
20,1.5298,8122.99,6564.99
20,1.55946,7930.8,6552.62
20,1.58948,7761.79,6542.49
20,1.61986,7612.65,6534.32
20,1.6506,7480.67,6527.86
20,1.68171,7259.54,6519.28
20,1.7132,7259.54,6519.29
20,1.74506,7166.94,6516.82
20,1.7773,7084.44,6515.37
20,1.80993,6945.31,6515.03
20,1.84295,6886.83,6515.95
20,1.87636,6886.83,6515.95
20,1.91017,6834.7,6517.46
20,1.94439,6788.27,6519.5
20,1.97902,6710.26,6524.91
20,2.01406,6710.26,6524.91
20,2.04953,6648.95,6531.74
20,2.08541,6623.58,6535.59
20,2.12173,6623.58,6535.59
20,2.15848,6601.28,6539.67
20,2.19567,6581.77,6543.95
20,2.23331,6564.78,6548.39
20,2.27139,6550.07,6552.98
20,2.30994,6537.42,6557.67
20,2.34894,6526.64,6562.43
20,2.38841,6517.53,6567.23
20,2.42835,6509.9,6572.01
20,2.46878,6503.6,6576.74
20,2.50968,6494.26,6585.71
20,2.55108,6490.84,6589.76
20,2.59297,6490.84,6589.76
20,2.63536,6487.99,6593.33
20,2.67826,6485.43,6596.21
20,2.72167,6482.84,6598.12
20,2.7656,6479.79,6598.63
20,2.81006,6475.67,6597.13
20,2.85505,6469.58,6592.72
20,2.90058,6460.13,6583.95
20,2.94666,6420.44,6542.07
20,2.99328,6420.44,6542.07
20,3.04047,6378.76,6496.94
20,3.08822,6158.93,6261.36
20,3.13654,6158.92,6261.34
20,3.18544,4794.87,4862.59
20,3.23492,4794.55,4862.27
20,3.285,1035.49,1059.95
20,3.32667,1035.78,1060.24
20,3.36833,2569.02,2617.7
20,3.41,2069.12,2114.23
