trapLevel,hotEb,trapMeanY,trapPeak,class,max_step_loss,onset_Vd,pre_Id,at_rest_frac,depth_vs_ref,last_Vd,Id_end
0.25,0.85,0.2,5e+18,medium,0.650733,2.3,139.236,0.865229,4.02446,4,66.9003
0.25,0.85,0.2,6e+18,medium,0.923041,1.8,137.338,0.839321,93.4931,4,8.25212
0.25,0.85,0.5,5e+18,shallow,0.210192,3,157.617,0.881497,1.42338,4,144.752
0.25,0.85,0.5,6e+18,medium,0.90297,2.2,111.979,0.859973,15.7022,4,34.5839
0.25,0.85,0.725,5e+18,shallow,0.00103273,3.9,179.233,0.88316,1.01914,3.9,179.048
0.25,0.85,0.725,6e+18,shallow,0.011812,2.8,171.249,0.862227,1.03863,2.8,169.226
0.25,0.85,1,5e+18,shallow,-0.00273786,4,180.944,0.884951,1.00843,4,181.439
0.25,0.85,1,6e+18,shallow,0.0093855,3.5,176.975,0.864502,1.02861,3.5,175.314
0.25,0.85,1.5,5e+18,shallow,-0.0028188,4,181.283,0.886593,1.00647,4,181.794
0.25,0.85,1.5,6e+18,shallow,-0.00250674,4,180.593,0.866567,1.01062,4,181.046
0.25,0.85,2,5e+18,shallow,-0.00282407,4,181.369,0.891276,1.00598,4,181.882
0.25,0.85,2,6e+18,shallow,-0.00280004,4,180.89,0.872538,1.00867,4,181.397
0.25,0.85,2.4,5e+18,shallow,-0.00282116,4,181.415,0.891627,1.00573,4,181.926
0.25,0.85,2.4,6e+18,shallow,-0.002796,4,180.973,0.872981,1.00821,4,181.479
0.25,1,0.2,6e+18,deep,0.99923,1.3,121.611,0.839321,459466,4,0.00380212
0.25,1,0.2,7e+18,deep,0.999992,1.3,109.667,0.811679,658405,4,0.00556593
0.25,1,0.5,6e+18,deep,0.999985,1.5,130.782,0.859973,165697,4,0.0908261
0.25,1,0.5,7e+18,deep,0.999998,1.4,135.703,0.837469,747379,4,0.0241851
0.25,1,0.725,6e+18,deep,0.998807,1.7,153.488,0.862227,1.07043e+08,4,7.95532e-06
0.25,1,0.725,7e+18,deep,0.999992,1.7,116.722,0.840423,1.10809e+08,4,1.65122e-06
0.25,1,1,6e+18,deep,0.999999,1.8,158.367,0.864502,7.29501e+08,4,2.50814e-07
0.25,1,1,7e+18,shallow,0.109076,1.7,153.949,0.843246,1.1995,1.7,137.157
0.25,1,1.5,6e+18,deep,1,2.1,164.314,0.866563,1.3665e+09,4,1.689e-07
0.25,1,1.5,7e+18,shallow,-0.00176412,1.9,160.42,0.845779,1.04087,1.9,160.703
0.25,1,2,6e+18,shallow,-0.000570216,2.9,172.917,0.872535,1.0201,2.9,173.015
0.25,1,2,7e+18,shallow,-0.00206773,2.7,170.622,0.853225,1.02356,2.7,170.974
0.25,1,2.4,6e+18,shallow,0.0165814,2.8,172.193,0.872975,1.03794,2.8,169.338
0.25,1,2.4,7e+18,shallow,0.0402546,2.6,169.638,0.853733,1.07002,2.6,162.809
0.3,0.85,0.2,5e+18,deep,0.987698,1.4,75.9514,0.838986,184.027,4,9.14221
0.3,0.85,0.2,6e+18,deep,0.993867,1.3,67.1122,0.804389,583.245,4,2.69206
0.3,0.85,0.5,5e+18,deep,0.963523,1.5,123.793,0.854207,35.6372,4,35.0967
0.3,0.85,0.5,6e+18,deep,0.991569,1.4,76.9337,0.824418,376.611,4,10.7324
0.3,0.85,0.725,5e+18,deep,0.999419,1.8,8.22999,0.856752,34699.1,4,0.577466
0.3,0.85,0.725,6e+18,deep,0.99644,1.6,34.3839,0.827992,1.18373e+06,4,0.00135783
0.3,0.85,1,5e+18,deep,0.988048,1.8,156.808,0.85929,66976.8,4,1.72426
0.3,0.85,1,6e+18,deep,0.998131,1.6,142.289,0.831334,5.27039e+06,4,0.000321329
0.3,0.85,1.5,5e+18,shallow,0.0022949,2,162.796,0.861583,1.03721,2,162.422
0.3,0.85,1.5,6e+18,deep,0.999764,1.8,127.937,0.834313,1.42122e+07,4,1.68757e-05
0.3,0.85,2,5e+18,shallow,0.000248667,2.8,171.716,0.868176,1.02383,2.8,171.673
0.3,0.85,2,6e+18,shallow,-0.000825147,2.2,164.213,0.842984,1.0381,2.2,164.349
0.3,0.85,2.4,5e+18,shallow,-0.00137637,2.6,170.375,0.868627,1.0211,2.6,170.61
0.3,0.85,2.4,6e+18,shallow,-0.00368195,2,161.952,0.843515,1.03641,2,162.548
0.3,1,0.2,5e+18,medium,0.924066,1.5,130.241,0.838986,176.203,4,13.0801
0.3,1,0.2,6e+18,deep,0.999832,1.2,33.7833,0.804389,102316,4,0.0475395
0.3,1,0.5,5e+18,medium,0.887643,1.7,130.995,0.854207,17.3447,4,51.7913
0.3,1,0.5,6e+18,deep,0.999188,1.2,118.271,0.824418,87622.2,4,1.66066
0.3,1,0.725,5e+18,deep,0.950219,2.1,64.6486,0.856752,92.1526,4,14.009
0.3,1,0.725,6e+18,deep,0.999692,1.4,121.796,0.827992,3.15473e+07,4,1.43132e-05
0.3,1,1,5e+18,deep,0.994137,2.3,166.106,0.85929,18546.5,2.9,0.0852099
0.3,1,1,6e+18,deep,0.999972,1.5,45.4268,0.831334,2.29943e+08,4,8.98862e-07
0.3,1,1.5,5e+18,shallow,0.0102092,2.7,170.973,0.861586,1.03413,2.7,169.227
0.3,1,1.5,6e+18,deep,0.999974,1.6,115.639,0.83431,3.25184e+08,4,5.62664e-07
0.3,1,2,5e+18,shallow,-0.00132624,3.6,177.72,0.868177,1.01651,3.6,177.956
0.3,1,2,6e+18,shallow,0.00520061,1.8,156.039,0.84298,1.06918,1.8,155.228
0.3,1,2.4,5e+18,shallow,-0.00109218,3.4,176.712,0.86863,1.01606,3.4,176.905
0.3,1,2.4,6e+18,shallow,0.00758008,1.7,154.035,0.843511,1.07622,1.7,152.868
