trapPeak,trapLevel,trapMeanX,trapMeanY,regime,complete,last_Vd,retries,peak_mA_mm,onset_Vd,collapse_ratio,at_rest_frac,suppression_3V
2e+18,0.55,0,-0.4,no collapse,1,3,0,131.058,nan,1,0.9588,1.12126
2e+18,0.55,0,-0.125,no collapse,1,3,0,8.4754,nan,5.46762,0.776013,66.6058
2e+18,0.55,0,0,collapse,1,3,0,3.94889,0.3,14.9254,0.394185,209.505
2e+18,0.55,0,0.125,no collapse,1,3,0,11.9545,nan,1,0.779353,12.2924
2e+18,0.55,0,0.285,no collapse,1,3,0,139.211,nan,1,0.959465,1.05558
2e+18,0.55,0,0.5,no collapse,1,3,0,141.887,nan,1,0.961541,1.03568
2e+18,0.55,0,0.725,no collapse,1,3,0,145.477,nan,1,0.962013,1.01012
2e+18,0.55,0,1.25,no collapse,1,3,0,146.041,nan,1,0.962329,1.00622
2e+18,0.55,0,1.75,no collapse,1,3,0,146.115,nan,1,0.963087,1.00571
2e+18,0.55,0,2.4,no collapse,1,3,0,146.165,nan,1,0.964318,1.00537
2e+18,0.55,0.00375,-0.4,no collapse,1,3,0,129.785,nan,1,0.956551,1.13226
2e+18,0.55,0.00375,-0.125,no collapse,1,3,0,7.40637,nan,8.56287,0.739318,115.297
2e+18,0.55,0.00375,0,collapse,1,3,0,2.43369,0.2,15.6832,0.242935,358.013
2e+18,0.55,0.00375,0.125,no collapse,1,3,0,8.77505,nan,1,0.742366,16.7463
2e+18,0.55,0.00375,0.285,no collapse,1,3,0,137.282,nan,1,0.957198,1.07042
2e+18,0.55,0.00375,0.5,no collapse,1,3,0,140.47,nan,1,0.959409,1.04612
2e+18,0.55,0.00375,0.725,no collapse,1,3,0,144.741,nan,1,0.95997,1.01526
2e+18,0.55,0.00375,1.25,no collapse,1,3,0,145.936,nan,1,0.960364,1.00694
2e+18,0.55,0.00375,1.75,no collapse,1,3,0,146.034,nan,1,0.961212,1.00627
2e+18,0.55,0.00375,2.4,no collapse,1,3,0,146.096,nan,1,0.962566,1.00584
2e+18,0.55,0.0075,-0.4,no collapse,1,3,0,128.654,nan,1,0.954742,1.1422
2e+18,0.55,0.0075,-0.125,collapse,1,3,0,7.01606,0.3,13.1496,0.700357,184.972
2e+18,0.55,0.0075,0,collapse,1,3,0,1.43429,0.3,14.044,0.143174,556.117
2e+18,0.55,0.0075,0.125,no collapse,1,3,0,7.03842,nan,9.95482,0.702588,21.9429
2e+18,0.55,0.0075,0.285,no collapse,1,3,0,135.591,nan,1,0.955395,1.08377
2e+18,0.55,0.0075,0.5,no collapse,1,3,0,139.303,nan,1,0.957737,1.05489
2e+18,0.55,0.0075,0.725,no collapse,1,3,0,143.54,nan,1,0.958371,1.02375
2e+18,0.55,0.0075,1.25,no collapse,1,3,0,145.837,nan,1,0.958826,1.00763
2e+18,0.55,0.0075,1.75,no collapse,1,3,0,145.963,nan,1,0.959745,1.00676
2e+18,0.55,0.0075,2.4,no collapse,1,3,0,146.037,nan,1,0.961201,1.00625
2e+18,0.55,0.01125,-0.4,no collapse,1,3,0,127.783,nan,1,0.953463,1.14999
2e+18,0.55,0.01125,-0.125,collapse,1,3,0,6.64232,0.3,16.516,0.663049,245.654
2e+18,0.55,0.01125,0,off at rest,1,3,0,0.946023,nan,nan,0.0944339,772.494
2e+18,0.55,0.01125,0.125,collapse,1,3,0,6.65223,0.3,13.0959,0.664038,27.3764
2e+18,0.55,0.01125,0.285,no collapse,1,3,0,134.375,nan,1,0.954158,1.09358
2e+18,0.55,0.01125,0.5,no collapse,1,3,0,138.539,nan,1,0.956623,1.06071
2e+18,0.55,0.01125,0.725,no collapse,1,3,0,142.992,nan,1,0.957306,1.02767
2e+18,0.55,0.01125,1.25,no collapse,1,3,0,145.756,nan,1,0.957799,1.00819
2e+18,0.55,0.01125,1.75,no collapse,1,3,0,145.913,nan,1,0.958764,1.0071
2e+18,0.55,0.01125,2.4,no collapse,1,3,0,145.996,nan,1,0.960293,1.00653
2e+18,0.55,0.015,-0.4,no collapse,1,3,0,127.298,nan,1,0.952786,1.15438
2e+18,0.55,0.015,-0.125,collapse,1,3,0,6.35608,0.2,19.2341,0.634476,301.44
2e+18,0.55,0.015,0,off at rest,1,3,0,0.731707,nan,nan,0.0730404,954.182
2e+18,0.55,0.015,0.125,collapse,1,3,0,6.35381,0.3,15.2248,0.634249,31.9715
2e+18,0.55,0.015,0.285,no collapse,1,3,0,133.839,nan,1,0.953563,1.09796
2e+18,0.55,0.015,0.5,no collapse,1,3,0,138.257,nan,1,0.956141,1.06287
2e+18,0.55,0.015,0.725,no collapse,1,3,0,142.82,nan,1,0.956841,1.02891
2e+18,0.55,0.015,1.25,no collapse,1,3,0,145.723,nan,1,0.957344,1.00841
2e+18,0.55,0.015,1.75,no collapse,1,3,0,145.894,nan,1,0.958328,1.00723
2e+18,0.55,0.015,2.4,no collapse,1,3,0,145.981,nan,1,0.959892,1.00663
2e+18,0.75,0,-0.4,no collapse,1,3,0,72.0315,nan,1.20571,0.917017,2.24448
2e+18,0.75,0,-0.125,off at rest,1,3,0,0.0460006,nan,nan,0.00459187,27662.9
2e+18,0.75,0,0,off at rest,1,3,0,0.00952467,nan,nan,0.000950771,153586
2e+18,0.75,0,0.125,off at rest,1,3,0,0.247107,nan,nan,0.00609206,594.679
2e+18,0.75,0,0.285,no collapse,1,3,0,127.522,nan,1,0.924107,1.15234
2e+18,0.75,0,0.5,no collapse,1,3,0,135.769,nan,1,0.935443,1.08235
2e+18,0.75,0,0.725,no collapse,1,3,0,141.069,nan,1,0.936517,1.04168
2e+18,0.75,0,1.25,no collapse,1,3,0,144.779,nan,1,0.937084,1.01499
2e+18,0.75,0,1.75,no collapse,1,3,0,145.275,nan,1,0.93951,1.01152
2e+18,0.75,0,2.4,no collapse,1,3,0,145.481,nan,1,0.942685,1.01009
2e+18,0.75,0.00375,-0.4,no collapse,1,3,0,60.6486,nan,1.30792,0.909082,2.7524
2e+18,0.75,0.00375,-0.125,off at rest,1,3,0,0.0238664,nan,nan,0.00238239,75895.7
2e+18,0.75,0.00375,0,off at rest,1,3,0,0.00531316,nan,nan,0.00053037,370240
2e+18,0.75,0.00375,0.125,off at rest,1,3,0,0.0951344,nan,nan,0.00301936,1544.65
2e+18,0.75,0.00375,0.285,no collapse,1,3,0,121.488,nan,1,0.916276,1.20957
2e+18,0.75,0.00375,0.5,no collapse,1,3,0,133.211,nan,1,0.929046,1.10313
2e+18,0.75,0.00375,0.725,no collapse,1,3,0,139.437,nan,1,0.930541,1.05387
2e+18,0.75,0.00375,1.25,no collapse,1,3,0,143.897,nan,1,0.931486,1.02121
2e+18,0.75,0.00375,1.75,no collapse,1,3,0,144.749,nan,1,0.934409,1.0152
2e+18,0.75,0.00375,2.4,no collapse,1,3,0,145.175,nan,1,0.938035,1.01222
2e+18,0.75,0.0075,-0.4,no collapse,1,3,0,52.9535,nan,1.43608,0.902314,3.31024
2e+18,0.75,0.0075,-0.125,off at rest,1,3,0,0.0144173,nan,nan,0.00143916,157331
2e+18,0.75,0.0075,0,off at rest,1,3,0,0.00339232,nan,nan,0.000338627,680322
2e+18,0.75,0.0075,0.125,off at rest,1,3,0,0.0453248,nan,nan,0.0017638,3242.14
2e+18,0.75,0.0075,0.285,no collapse,1,3,0,115.5,nan,1,0.909757,1.27228
2e+18,0.75,0.0075,0.5,no collapse,1,3,0,130.801,nan,1,0.923883,1.12346
2e+18,0.75,0.0075,0.725,no collapse,1,3,0,138.042,nan,1,0.925741,1.06452
2e+18,0.75,0.0075,1.25,no collapse,1,3,0,142.808,nan,1,0.926993,1.029
2e+18,0.75,0.0075,1.75,no collapse,1,3,0,143.982,nan,1,0.930329,1.02061
2e+18,0.75,0.0075,2.4,no collapse,1,3,0,144.791,nan,1,0.934323,1.01491
2e+18,0.75,0.01125,-0.4,no collapse,1,3,0,47.4266,nan,1.53196,0.897397,3.78694
2e+18,0.75,0.01125,-0.125,off at rest,1,3,0,0.0100833,nan,nan,0.00100654,296027
2e+18,0.75,0.01125,0,off at rest,1,3,0,0.00246524,nan,nan,0.000246085,1.14404e+06
2e+18,0.75,0.01125,0.125,off at rest,1,3,0,0.0249068,nan,nan,0.00120989,5899.96
2e+18,0.75,0.01125,0.285,no collapse,1,3,0,111.102,nan,1,0.905321,1.32265
2e+18,0.75,0.01125,0.5,no collapse,1,3,0,128.956,nan,1,0.920586,1.13953
2e+18,0.75,0.01125,0.725,no collapse,1,3,0,137.098,nan,1,0.92267,1.07186
2e+18,0.75,0.01125,1.25,no collapse,1,3,0,142.012,nan,1,0.924094,1.03477
2e+18,0.75,0.01125,1.75,no collapse,1,3,0,143.253,nan,1,0.92769,1.0258
2e+18,0.75,0.01125,2.4,no collapse,1,3,0,144.421,nan,1,0.931924,1.01751
2e+18,0.75,0.015,-0.4,no collapse,1,3,0,46.1688,nan,1.60997,0.89492,4.02768
2e+18,0.75,0.015,-0.125,off at rest,1,3,0,0.00813412,nan,nan,0.000811963,397495
2e+18,0.75,0.015,0,off at rest,1,3,0,0.0020327,nan,nan,0.000202908,1.50257e+06
2e+18,0.75,0.015,0.125,off at rest,1,3,0,0.017445,nan,nan,0.000968086,8423.58
2e+18,0.75,0.015,0.285,no collapse,1,3,0,109.236,nan,1,0.903595,1.34524
2e+18,0.75,0.015,0.5,no collapse,1,3,0,128.177,nan,1,0.919636,1.14645
2e+18,0.75,0.015,0.725,no collapse,1,3,0,136.748,nan,1,0.921746,1.0746
2e+18,0.75,0.015,1.25,no collapse,1,3,0,141.771,nan,1,0.923152,1.03653
2e+18,0.75,0.015,1.75,no collapse,1,3,0,143.019,nan,1,0.926809,1.02748
2e+18,0.75,0.015,2.4,no collapse,1,3,0,144.301,nan,1,0.931123,1.01835
4e+18,0.35,0,-0.4,no collapse,1,3,0,128.157,nan,1,0.960389,1.14663
4e+18,0.35,0,-0.125,collapse,1,3,0,6.54648,0.2,144.466,0.653482,1987.89
4e+18,0.35,0,0,off at rest,1,3,0,0.606378,nan,nan,0.0605298,3172.92
4e+18,0.35,0,0.125,collapse,1,3,0,6.54435,0.2,177.3,0.65327,417.292
4e+18,0.35,0,0.285,collapse,1,3,0,113.695,1.7,11.063,0.959768,5.81003
4e+18,0.35,0,0.5,no collapse,1,3,0,115.716,nan,9.52991,0.959873,5.21793
4e+18,0.35,0,0.725,collapse,1,3,1,127.969,2.3,19.0309,0.960548,6.80799
4e+18,0.35,0,1.25,collapse,1,3,0,137.416,2.5,21.5157,0.961326,8.72809
4e+18,0.35,0,1.75,collapse,1,3,4,141.501,2.9,106.233,0.962052,89.9551
4e+18,0.35,0,2.4,no collapse,1,3,0,145.677,nan,1,0.963118,1.00874
4e+18,0.35,0.00375,-0.4,no collapse,1,3,0,125.161,nan,1,0.958487,1.17408
4e+18,0.35,0.00375,-0.125,collapse,1,3,0,5.62622,0.2,173.881,0.56162,2766.44
4e+18,0.35,0.00375,0,off at rest,1,3,0,0.331109,nan,nan,0.033052,4688.78
4e+18,0.35,0.00375,0.125,collapse,1,3,0,5.55236,0.2,219.504,0.554247,639.976
4e+18,0.35,0.00375,0.285,collapse,1,3,0,108.418,1.5,18.3167,0.957881,9.43321
4e+18,0.35,0.00375,0.5,collapse,1,3,1,110.225,1.6,18.7626,0.958058,8.54811
4e+18,0.35,0.00375,0.725,collapse,1,3,0,123.376,1.9,47.9524,0.958797,11.3985
4e+18,0.35,0.00375,1.25,collapse,1,3,0,132.72,2.2,91.9809,0.95964,18.2052
4e+18,0.35,0.00375,1.75,collapse,1,3,4,137.548,2.5,343.117,0.960427,204.487
4e+18,0.35,0.00375,2.4,collapse,1,3,0,142.715,2.9,16.2435,0.96158,16.7254
4e+18,0.35,0.0075,-0.4,no collapse,1,3,0,120.376,nan,1.05719,0.956966,1.29057
4e+18,0.35,0.0075,-0.125,collapse,1,3,0,4.4892,0.2,191.903,0.44812,3867.86
4e+18,0.35,0.0075,0,off at rest,1,3,0,0.21844,nan,nan,0.0218051,6222.54
4e+18,0.35,0.0075,0.125,collapse,1,3,0,4.31489,0.2,228.276,0.430721,893.056
4e+18,0.35,0.0075,0.285,collapse,1,3,0,103.773,1.5,33.6172,0.956385,14.6092
4e+18,0.35,0.0075,0.5,collapse,1,3,1,105.8,1.5,27.8881,0.956626,12.0796
4e+18,0.35,0.0075,0.725,collapse,1,3,1,119.197,1.8,121.141,0.957419,17.4687
4e+18,0.35,0.0075,1.25,collapse,1,3,0,129.319,2.1,256.95,0.958313,33.7572
4e+18,0.35,0.0075,1.75,collapse,1,3,0,134.321,2.3,544.89,0.959149,298.282
4e+18,0.35,0.0075,2.4,collapse,1,3,3,140.069,2.7,36.891,0.960373,27.5174
4e+18,0.35,0.01125,-0.4,collapse,1,3,0,117.078,2.8,173.673,0.955886,217.985
4e+18,0.35,0.01125,-0.125,collapse,1,3,0,3.42514,0.2,185.076,0.341905,4954.46
4e+18,0.35,0.01125,0,off at rest,1,3,0,0.166022,nan,nan,0.0165726,7586.23
4e+18,0.35,0.01125,0.125,collapse,1,3,0,3.186,0.2,201.264,0.318033,1090.35
4e+18,0.35,0.01125,0.285,collapse,1,3,0,101.579,1.4,43.7183,0.95534,18.5577
4e+18,0.35,0.01125,0.5,collapse,1,3,0,103.802,1.5,38.6245,0.955638,13.7953
4e+18,0.35,0.01125,0.725,collapse,1,3,0,115.449,1.7,128.439,0.956468,22.3911
4e+18,0.35,0.01125,1.25,collapse,1,3,1,126.756,2,420.681,0.957398,44.9229
4e+18,0.35,0.01125,1.75,collapse,1,3,0,132.086,2.2,743.327,0.958268,416.562
4e+18,0.35,0.01125,2.4,collapse,1,3,2,137.793,2.5,60.2986,0.959541,37.276
4e+18,0.35,0.015,-0.4,collapse,1,3,0,115.483,2.6,193.839,0.95529,246.628
4e+18,0.35,0.015,-0.125,collapse,1,3,0,2.7778,0.2,172.041,0.277285,5726.37
4e+18,0.35,0.015,0,off at rest,1,3,0,0.143846,nan,nan,0.014359,8494.47
4e+18,0.35,0.015,0.125,collapse,1,3,0,2.51594,0.2,177.376,0.251146,1238.89
4e+18,0.35,0.015,0.285,collapse,1,3,0,98.4492,1.4,51.2802,0.954792,21.117
4e+18,0.35,0.015,0.5,collapse,1,3,0,102.958,1.4,40.4313,0.955136,14.798
4e+18,0.35,0.015,0.725,collapse,1,3,0,114.742,1.7,151.428,0.955985,25.0334
4e+18,0.35,0.015,1.25,collapse,1,3,0,124.456,1.9,485.143,0.956931,55.277
4e+18,0.35,0.015,1.75,collapse,1,3,0,130.518,2.1,866.965,0.957819,481.27
4e+18,0.35,0.015,2.4,incomplete,0,2.3,0,137.072,nan,nan,0.959117,nan
4e+18,0.55,0,-0.4,collapse,1,3,0,15.8563,0.4,11876.9,0.829959,104468
4e+18,0.55,0,-0.125,off at rest,1,3,0,0.00135333,nan,nan,0.000135092,787380
4e+18,0.55,0,0,off at rest,1,3,0,0.000763646,nan,nan,7.62286e-05,1.1027e+06
4e+18,0.55,0,0.125,off at rest,1,3,0,0.00103958,nan,nan,0.000103773,155129
4e+18,0.55,0,0.285,collapse,1,3,0,13.1603,0.3,4222.63,0.807299,1590.28
4e+18,0.55,0,0.5,collapse,1,3,0,14.1907,0.3,3070.41,0.815473,1248.24
4e+18,0.55,0,0.725,collapse,1,3,0,15.8498,0.3,20515.9,0.83114,5046.72
4e+18,0.55,0,1.25,collapse,1,3,3,22.8209,0.4,18055.4,0.84436,5831.29
4e+18,0.55,0,1.75,collapse,1,3,0,23.8516,0.4,27822.2,0.855446,50586.2
4e+18,0.55,0,2.4,collapse,1,3,2,27.5622,0.5,20451.9,0.866535,17763.3
4e+18,0.55,0.00375,-0.4,collapse,1,3,0,14.7965,0.3,21377.6,0.809123,195843
4e+18,0.55,0.00375,-0.125,off at rest,1,3,0,0.000902686,nan,nan,9.01079e-05,1.27565e+06
4e+18,0.55,0.00375,0,off at rest,1,3,0,0.000532533,nan,nan,5.31585e-05,1.70828e+06
4e+18,0.55,0.00375,0.125,off at rest,1,3,0,0.000682552,nan,nan,6.81336e-05,265959
4e+18,0.55,0.00375,0.285,collapse,1,3,0,7.80031,0.3,4847.19,0.778642,3762.25
4e+18,0.55,0.00375,0.5,collapse,1,3,0,7.90428,0.3,3189.33,0.789021,3052.8
4e+18,0.55,0.00375,0.725,collapse,1,3,0,14.7288,0.3,29208.6,0.810028,11858.8
4e+18,0.55,0.00375,1.25,collapse,1,3,0,19.2877,0.4,22062.2,0.827082,14334.1
4e+18,0.55,0.00375,1.75,collapse,1,3,0,21.327,0.4,44009.7,0.840328,88037.7
4e+18,0.55,0.00375,2.4,collapse,1,3,2,23.5161,0.4,31629.6,0.853009,41879.7
4e+18,0.55,0.0075,-0.4,collapse,1,3,0,12.9968,0.3,29751.4,0.790198,294380
4e+18,0.55,0.0075,-0.125,off at rest,1,3,0,0.000665913,nan,nan,6.64727e-05,1.83613e+06
4e+18,0.55,0.0075,0,off at rest,1,3,0,0.000405113,nan,nan,4.04392e-05,2.38841e+06
4e+18,0.55,0.0075,0.125,off at rest,1,3,0,0.000498448,nan,nan,4.9756e-05,400147
4e+18,0.55,0.0075,0.285,collapse,1,3,0,7.52056,0.2,7197.47,0.750717,6645.51
4e+18,0.55,0.0075,0.5,collapse,1,3,0,7.65129,0.2,4969.2,0.763767,5839.68
4e+18,0.55,0.0075,0.725,collapse,1,3,0,12.8932,0.3,37551.6,0.791119,20881.4
4e+18,0.55,0.0075,1.25,collapse,1,3,0,15.3854,0.4,27248.7,0.812124,26091.1
4e+18,0.55,0.0075,1.75,collapse,1,3,0,15.9035,0.4,50710.2,0.827332,138954
4e+18,0.55,0.0075,2.4,collapse,1,3,0,21.5351,0.4,41849.3,0.841445,68653.9
4e+18,0.55,0.01125,-0.4,collapse,1,3,0,10.0769,0.3,30506.7,0.775454,388218
4e+18,0.55,0.01125,-0.125,off at rest,1,3,0,0.000539962,nan,nan,5.39001e-05,2.38064e+06
4e+18,0.55,0.01125,0,off at rest,1,3,0,0.000335355,nan,nan,3.34758e-05,3.03067e+06
4e+18,0.55,0.01125,0.125,off at rest,1,3,0,0.000402069,nan,nan,4.01353e-05,529149
4e+18,0.55,0.01125,0.285,collapse,1,3,0,7.28793,0.2,9942.76,0.727496,10973.1
4e+18,0.55,0.01125,0.5,collapse,1,3,0,7.44592,0.2,9458.26,0.743267,8795.54
4e+18,0.55,0.01125,0.725,collapse,1,3,0,9.93731,0.3,37817.1,0.776775,29556.4
4e+18,0.55,0.01125,1.25,collapse,1,3,1,14.9237,0.3,35315.3,0.801143,37172.8
4e+18,0.55,0.01125,1.75,collapse,1,3,0,15.53,0.3,65703.9,0.817832,187742
4e+18,0.55,0.01125,2.4,collapse,1,3,0,18.4396,0.4,46593.4,0.833032,96628.7
4e+18,0.55,0.015,-0.4,collapse,1,3,0,7.68674,0.3,26575.9,0.767305,451686
4e+18,0.55,0.015,-0.125,off at rest,1,3,0,0.00047915,nan,nan,4.78296e-05,2.78858e+06
4e+18,0.55,0.015,0,off at rest,1,3,0,0.000301509,nan,nan,3.00972e-05,3.48709e+06
4e+18,0.55,0.015,0.125,off at rest,1,3,0,0.000356761,nan,nan,3.56126e-05,620045
4e+18,0.55,0.015,0.285,collapse,1,3,0,7.15616,0.2,10270,0.714342,11795.4
4e+18,0.55,0.015,0.5,collapse,1,3,0,7.33317,0.2,10647.2,0.732011,9304.96
4e+18,0.55,0.015,0.725,collapse,1,3,0,7.70674,0.3,33387.8,0.769301,33944.9
4e+18,0.55,0.015,1.25,collapse,1,3,0,14.6613,0.3,39817.2,0.795542,42191.8
4e+18,0.55,0.015,1.75,collapse,1,3,0,15.316,0.3,74869.1,0.813004,216716
4e+18,0.55,0.015,2.4,collapse,1,3,1,15.924,0.4,46228.1,0.828765,113828
8e+18,0.35,0,-0.4,collapse,1,3,1,36.8735,0.6,41406.5,0.889088,165014
8e+18,0.35,0,-0.125,off at rest,1,3,0,0.000759751,nan,nan,7.58398e-05,1.52718e+06
8e+18,0.35,0,0,off at rest,1,3,0,0.000512812,nan,nan,5.11899e-05,1.29707e+06
8e+18,0.35,0,0.125,off at rest,1,3,0,0.000689301,nan,nan,6.88073e-05,271359
8e+18,0.35,0,0.285,collapse,1,3,2,30.6212,0.5,39713.7,0.885783,39808
8e+18,0.35,0,0.5,collapse,1,3,5,31.8094,0.5,37401.8,0.88808,29648.4
8e+18,0.35,0,0.725,collapse,1,3,7,33.621,0.6,78836.8,0.892702,83970.5
8e+18,0.35,0,1.25,incomplete,0,0.5,0,40.8308,nan,nan,0.897254,nan
8e+18,0.35,0,1.75,incomplete,0,0.6,0,41.9874,nan,nan,0.901373,nan
8e+18,0.35,0,2.4,incomplete,0,0.6,0,49.0841,nan,nan,0.90685,nan
8e+18,0.35,0.00375,-0.4,collapse,1,3,0,32.4238,0.6,47860.4,0.88163,216910
8e+18,0.35,0.00375,-0.125,off at rest,1,3,0,0.000539863,nan,nan,5.38901e-05,2.16592e+06
8e+18,0.35,0.00375,0,off at rest,1,3,0,0.000384127,nan,nan,3.83443e-05,1.77102e+06
8e+18,0.35,0.00375,0.125,off at rest,1,3,0,0.00049358,nan,nan,4.92701e-05,364622
8e+18,0.35,0.00375,0.285,collapse,1,3,1,25.1344,0.5,32707.9,0.878258,40122.2
8e+18,0.35,0.00375,0.5,collapse,1,3,2,25.3286,0.5,41369.1,0.880905,40625.5
8e+18,0.35,0.00375,0.725,collapse,1,3,3,32.6933,0.5,94783.9,0.886026,108413
8e+18,0.35,0.00375,1.25,collapse,1,3,1,38.3479,0.6,94914.2,0.890992,123599
8e+18,0.35,0.00375,1.75,incomplete,0,0.5,0,40.8001,nan,nan,0.895537,nan
8e+18,0.35,0.00375,2.4,incomplete,0,0.6,0,45.1224,nan,nan,0.901526,nan
8e+18,0.35,0.0075,-0.4,collapse,1,3,0,31.3659,0.5,56167.6,0.875547,263145
8e+18,0.35,0.0075,-0.125,off at rest,1,3,0,0.000418717,nan,nan,4.17972e-05,2.82654e+06
8e+18,0.35,0.0075,0,off at rest,1,3,0,0.000311035,nan,nan,3.10481e-05,2.24149e+06
8e+18,0.35,0.0075,0.125,off at rest,1,3,0,0.000384648,nan,nan,3.83963e-05,456129
8e+18,0.35,0.0075,0.285,collapse,1,3,0,24.6723,0.4,41353.1,0.872196,52558.5
8e+18,0.35,0.0075,0.5,collapse,1,3,3,24.9357,0.4,48239.3,0.875157,48973.4
8e+18,0.35,0.0075,0.725,collapse,1,3,5,31.4769,0.5,103445,0.880678,121796
8e+18,0.35,0.0075,1.25,collapse,1,3,3,33.2206,0.6,146660,0.885974,151607
8e+18,0.35,0.0075,1.75,collapse,1,3,6,39.0384,0.6,259260,0.890869,299349
8e+18,0.35,0.0075,2.4,incomplete,0,0.6,0,41.4323,nan,nan,0.897274,nan
8e+18,0.35,0.01125,-0.4,collapse,1,3,2,30.1735,0.5,61647.8,0.871221,300233
8e+18,0.35,0.01125,-0.125,off at rest,1,3,0,0.000353345,nan,nan,3.52715e-05,3.39039e+06
8e+18,0.35,0.01125,0,off at rest,1,3,0,0.000271015,nan,nan,2.70532e-05,2.62917e+06
8e+18,0.35,0.01125,0.125,off at rest,1,3,0,0.000325325,nan,nan,3.24746e-05,531309
8e+18,0.35,0.01125,0.285,collapse,1,3,1,24.2648,0.4,49052.7,0.867961,70269.8
8e+18,0.35,0.01125,0.5,collapse,1,3,7,24.6056,0.4,72342.2,0.871166,107528
8e+18,0.35,0.01125,0.725,collapse,1,3,4,30.007,0.5,115280,0.876969,141161
8e+18,0.35,0.01125,1.25,incomplete,0,0.5,0,32.7924,nan,nan,0.882491,nan
8e+18,0.35,0.01125,1.75,collapse,1,3,3,36.4691,0.6,307177,0.887632,345881
8e+18,0.35,0.01125,2.4,collapse,1,3,0,40.7612,0.6,48222,0.894327,149350
8e+18,0.35,0.015,-0.4,collapse,1,3,1,29.2529,0.5,63495.7,0.868942,318953
8e+18,0.35,0.015,-0.125,off at rest,1,3,0,0.00032361,nan,nan,3.23034e-05,3.74795e+06
8e+18,0.35,0.015,0,off at rest,1,3,0,0.000253249,nan,nan,2.52798e-05,2.86292e+06
8e+18,0.35,0.015,0.125,off at rest,1,3,0,0.000297933,nan,nan,2.97403e-05,576150
8e+18,0.35,0.015,0.285,collapse,1,3,2,24.0219,0.4,55883.3,0.865823,80340.1
8e+18,0.35,0.015,0.5,collapse,1,3,6,24.4185,0.4,49619.8,0.869191,52886
8e+18,0.35,0.015,0.725,collapse,1,3,4,28.8589,0.5,115160,0.875125,150633
8e+18,0.35,0.015,1.25,collapse,1,3,1,32.5505,0.5,123729,0.880754,168953
8e+18,0.35,0.015,1.75,collapse,1,3,2,34.0636,0.6,304592,0.886016,370418
8e+18,0.35,0.015,2.4,collapse,1,3,1,40.3426,0.6,50775.4,0.892854,160670
