trapPeak,trapMeanX,trapMeanY,below_2DEG_nm,frac_at_2DEG,regime,complete,last_Vd,r_rest,r_3V,r_worst,onset_Vd,collapse_depth_vs_ref
4e+18,0.015,-0.2,0,1,collapse,1,3,0.765129,1.64619e-06,1.63063e-06,0.3,394254
4e+18,0.015,0,0,1,off at rest,1,3,7.01348e-05,1.90836e-06,1.2761e-06,nan,nan
4e+18,0.015,0.5,0,1,collapse,1,3,0.835576,0.09972,0.00237011,0.3,332.931
4e+18,0.015,1,0,1,collapse,1,3,0.85582,0.206363,0.000460829,0.4,2170
4e+18,0.015,2,0,1,collapse,1,3,0.876051,0.211864,0.000364916,0.5,2740.36
4e+18,0.025,-0.2,10,0.606531,no collapse,1,3,0.888383,0.034681,0.034681,nan,16.866
4e+18,0.025,0,10,0.606531,off at rest,1,3,0.000359228,6.10992e-06,5.60832e-06,nan,nan
4e+18,0.025,0.5,10,0.606531,no collapse,1,3,0.946461,0.913246,0.900316,nan,nan
4e+18,0.025,1,10,0.606531,no collapse,1,3,0.947252,0.982139,0.947252,nan,nan
4e+18,0.025,2,10,0.606531,no collapse,1,3,0.949705,0.992384,0.949705,nan,nan
4e+18,0.03,-0.2,15,0.324652,no collapse,1,3,0.946743,0.814362,0.814362,nan,nan
4e+18,0.03,0,15,0.324652,off at rest,1,3,0.0326275,0.000425978,0.000405833,nan,nan
4e+18,0.03,0.5,15,0.324652,no collapse,1,3,0.975783,0.993713,0.97571,nan,nan
4e+18,0.03,1,15,0.324652,no collapse,1,3,0.975725,0.996561,0.975725,nan,nan
4e+18,0.03,2,15,0.324652,no collapse,1,3,0.975977,0.997096,0.975977,nan,nan
4e+18,0.04,-0.2,25,0.0439369,no collapse,1,3,0.984846,0.943762,0.943762,nan,nan
4e+18,0.04,0,25,0.0439369,no collapse,1,3,0.923868,0.321527,0.321527,nan,nan
4e+18,0.04,0.5,25,0.0439369,no collapse,1,3,0.993104,0.998595,0.993104,nan,nan
4e+18,0.04,1,25,0.0439369,no collapse,1,3,0.993063,0.999134,0.993063,nan,nan
4e+18,0.04,2,25,0.0439369,no collapse,1,3,0.993016,0.999224,0.993016,nan,nan
4e+18,0.05,-0.2,35,0.00218749,no collapse,1,3,0.996111,0.984716,0.984716,nan,nan
4e+18,0.05,0,35,0.00218749,no collapse,1,3,0.985236,0.76169,0.76169,nan,nan
4e+18,0.05,0.5,35,0.00218749,no collapse,1,3,0.998206,0.999629,0.998206,nan,nan
4e+18,0.05,1,35,0.00218749,no collapse,1,3,0.998197,0.99978,0.998197,nan,nan
4e+18,0.05,2,35,0.00218749,no collapse,1,3,0.99818,0.999801,0.99818,nan,nan
4e+18,0.06,-0.2,45,4.00653e-05,no collapse,1,3,0.999476,0.997871,0.997871,nan,nan
4e+18,0.06,0,45,4.00653e-05,no collapse,1,3,0.998241,0.94978,0.94978,nan,nan
4e+18,0.06,0.5,45,4.00653e-05,no collapse,1,3,0.999748,0.999946,0.999748,nan,nan
4e+18,0.06,1,45,4.00653e-05,no collapse,1,3,0.999747,0.999969,0.999747,nan,nan
4e+18,0.06,2,45,4.00653e-05,no collapse,1,3,0.999745,0.999972,0.999745,nan,nan
4e+18,0.08,-0.2,65,6.69159e-10,no collapse,1,3,0.999999,0.999998,0.999998,nan,nan
4e+18,0.08,0,65,6.69159e-10,no collapse,1,3,0.999999,0.999857,0.999857,nan,nan
4e+18,0.08,0.5,65,6.69159e-10,no collapse,1,3,1,1,0.999999,nan,nan
4e+18,0.08,1,65,6.69159e-10,no collapse,1,3,1,1,0.999999,nan,nan
4e+18,0.08,2,65,6.69159e-10,no collapse,1,3,1,1,0.999999,nan,nan
1.6e+19,0.015,-0.2,0,1,off at rest,1,3,2.24803e-07,1.18744e-10,9.20897e-13,nan,nan
1.6e+19,0.015,0,0,1,off at rest,1,3,4.08549e-10,7.66113e-11,9.54497e-14,nan,nan
1.6e+19,0.015,0.5,0,1,off at rest,1,3,1.29924e-07,1.20189e-10,6.2409e-11,nan,nan
1.6e+19,0.015,1,0,1,off at rest,1,3,1.06725e-06,9.36129e-11,1.38855e-12,nan,nan
1.6e+19,0.015,2,0,1,off at rest,1,3,5.70986e-06,8.03934e-12,8.03934e-12,nan,nan
1.6e+19,0.025,-0.2,10,0.606531,off at rest,1,3,3.91306e-06,3.1796e-10,1.71408e-10,nan,nan
1.6e+19,0.025,0,10,0.606531,off at rest,1,3,4.02302e-09,7.74693e-11,2.37151e-12,nan,nan
1.6e+19,0.025,0.5,10,0.606531,off at rest,1,3,2.42267e-06,2.89526e-09,2.03566e-09,nan,nan
1.6e+19,0.025,1,10,0.606531,off at rest,1,3,1.52348e-05,1.25633e-09,3.77617e-10,nan,nan
1.6e+19,0.025,2,10,0.606531,off at rest,1,3,8.47227e-05,8.04932e-10,2.40645e-10,nan,nan
1.6e+19,0.03,-0.2,15,0.324652,off at rest,1,3,5.98635e-05,8.97844e-09,8.96003e-09,nan,nan
1.6e+19,0.03,0,15,0.324652,off at rest,1,3,1.87299e-07,5.5668e-10,5.5668e-10,nan,nan
1.6e+19,0.03,0.5,15,0.324652,off at rest,1,3,6.52143e-05,1.55018e-06,3.06169e-07,nan,nan
1.6e+19,0.03,1,15,0.324652,off at rest,1,3,0.00729678,3.26492e-06,1.80863e-07,nan,nan
1.6e+19,0.03,2,15,0.324652,off at rest,1,3,0.00786002,1.58917e-06,1.19882e-08,nan,nan
1.6e+19,0.04,-0.2,25,0.0439369,no collapse,1,3,0.950722,0.800125,0.800125,nan,nan
1.6e+19,0.04,0,25,0.0439369,collapse,1,3,0.194376,0.000433462,0.000433462,0.2,2307.01
1.6e+19,0.04,0.5,25,0.0439369,no collapse,1,3,0.978754,0.99494,0.978735,nan,nan
1.6e+19,0.04,1,25,0.0439369,no collapse,1,3,0.978694,0.997085,0.978694,nan,nan
1.6e+19,0.04,2,25,0.0439369,no collapse,1,3,0.978755,0.997485,0.978755,nan,nan
1.6e+19,0.05,-0.2,35,0.00218749,no collapse,1,3,0.989489,0.957231,0.957231,nan,nan
1.6e+19,0.05,0,35,0.00218749,no collapse,1,3,0.955779,0.477374,0.477374,nan,nan
1.6e+19,0.05,0.5,35,0.00218749,no collapse,1,3,0.995288,0.99903,0.995288,nan,nan
1.6e+19,0.05,1,35,0.00218749,no collapse,1,3,0.995264,0.999415,0.995264,nan,nan
1.6e+19,0.05,2,35,0.00218749,no collapse,1,3,0.995225,0.999473,0.995225,nan,nan
1.6e+19,0.06,-0.2,45,4.00653e-05,no collapse,1,3,0.998259,0.992826,0.992826,nan,nan
1.6e+19,0.06,0,45,4.00653e-05,no collapse,1,3,0.994017,0.860929,0.860929,nan,nan
1.6e+19,0.06,0.5,45,4.00653e-05,no collapse,1,3,0.999183,0.999826,0.999183,nan,nan
1.6e+19,0.06,1,45,4.00653e-05,no collapse,1,3,0.999179,0.9999,0.999179,nan,nan
1.6e+19,0.06,2,45,4.00653e-05,no collapse,1,3,0.999171,0.999909,0.999171,nan,nan
1.6e+19,0.08,-0.2,65,6.69159e-10,no collapse,1,3,0.999998,0.999992,0.999992,nan,nan
1.6e+19,0.08,0,65,6.69159e-10,no collapse,1,3,0.999995,0.99943,0.99943,nan,nan
1.6e+19,0.08,0.5,65,6.69159e-10,no collapse,1,3,0.999999,1,0.999999,nan,nan
1.6e+19,0.08,1,65,6.69159e-10,no collapse,1,3,0.999999,1,0.999999,nan,nan
1.6e+19,0.08,2,65,6.69159e-10,no collapse,1,3,0.999999,1,0.999999,nan,nan
