insTrapSign,trapMeanX,trapMeanY,regime,complete,last_Vd,r_rest,r_3V,r_worst,onset_Vd,collapse_depth_vs_ref
-1,-0.275,-0.4,no collapse,1,3,0.97515,0.944398,0.944398,nan,1.05888
-1,-0.275,-0.2,no collapse,1,3,0.998716,0.99704,0.99704,nan,1.00297
-1,-0.275,-0.125,no collapse,1,3,0.999606,0.999089,0.999089,nan,1.00091
-1,-0.275,0,no collapse,1,3,0.999944,0.999872,0.999872,nan,1.00013
-1,-0.275,0.125,no collapse,1,3,0.999992,0.999982,0.999982,nan,1.00002
-1,-0.275,0.2,no collapse,1,3,0.999997,0.999995,0.999994,nan,1.00001
-1,-0.275,0.285,no collapse,1,3,0.999996,0.999999,0.999995,nan,1
-1,-0.275,0.5,no collapse,1,3,0.99848,0.999794,0.99848,nan,1.00021
-1,-0.275,0.725,no collapse,1,3,0.980927,0.997508,0.980927,nan,1.0025
-1,-0.275,1,no collapse,1,3,0.908728,0.986822,0.908728,nan,1.01335
-1,-0.275,1.5,no collapse,1,3,0.863565,0.980213,0.863565,nan,1.02019
-1,-0.275,2,no collapse,1,3,0.857258,0.979564,0.857258,nan,1.02086
-1,-0.275,2.5,no collapse,1,3,0.857588,0.979511,0.857588,nan,1.02092
-1,-0.225,-0.4,no collapse,1,3,0.963201,0.918739,0.918739,nan,1.08845
-1,-0.225,-0.2,no collapse,1,3,0.999054,0.997816,0.997816,nan,1.00219
-1,-0.225,-0.125,no collapse,1,3,0.999712,0.999334,0.999334,nan,1.00067
-1,-0.225,0,no collapse,1,3,0.99996,0.999907,0.999907,nan,1.00009
-1,-0.225,0.125,no collapse,1,3,0.999994,0.999986,0.999986,nan,1.00001
-1,-0.225,0.2,no collapse,1,3,0.999998,0.999996,0.999996,nan,1
-1,-0.225,0.285,no collapse,1,3,0.999995,0.999999,0.999995,nan,1
-1,-0.225,0.5,no collapse,1,3,0.996478,0.999518,0.996478,nan,1.00048
-1,-0.225,0.725,no collapse,1,3,0.959537,0.994325,0.959537,nan,1.00571
-1,-0.225,1,no collapse,1,3,0.834917,0.969385,0.834917,nan,1.03158
-1,-0.225,1.5,no collapse,1,3,0.727984,0.935876,0.727984,nan,1.06852
-1,-0.225,2,no collapse,1,3,0.716017,0.93161,0.716017,nan,1.07341
-1,-0.225,2.5,no collapse,1,3,0.712946,0.927361,0.71258,nan,1.07833
-1,-0.15,-0.4,no collapse,1,3,0.954785,0.900483,0.900483,nan,1.11052
-1,-0.15,0.5,no collapse,1,3,0.993124,0.999006,0.993124,nan,1.00099
-1,-0.15,0.725,no collapse,1,3,0.925444,0.987485,0.925444,nan,1.01267
-1,-0.15,1,no collapse,1,3,0.747729,0.918654,0.744609,nan,1.08855
-1,-0.15,1.5,no collapse,1,3,0.341223,0.664323,0.332307,nan,1.50529
-1,-0.15,2,no collapse,1,3,0.276135,0.630354,0.271568,nan,1.58641
-1,-0.15,2.5,no collapse,1,3,0.252802,0.601412,0.235909,nan,1.66275
-1,-0.1,-0.4,no collapse,1,3,0.918513,0.822554,0.822554,nan,1.21573
-1,-0.1,0.5,no collapse,1,3,0.984028,0.997283,0.984028,nan,1.00272
-1,-0.1,0.725,no collapse,1,3,0.824844,0.919916,0.808758,nan,1.08706
-1,-0.1,1,off at rest,1,3,4.90019e-09,0.161395,4.90019e-09,nan,nan
-1,-0.1,1.5,off at rest,1,3,1.48778e-11,1.47508e-06,8.62754e-13,nan,nan
-1,-0.1,2,off at rest,1,3,3.16827e-12,2.28583e-07,2.50612e-12,nan,nan
-1,-0.1,2.5,off at rest,1,3,2.63749e-11,1.52764e-07,8.01611e-13,nan,nan
-1,-0.03,-0.4,off at rest,0,1.3,7.73061e-11,nan,6.93673e-12,nan,nan
-1,-0.03,-0.2,off at rest,1,3,6.17014e-11,1.21165e-10,6.36785e-12,nan,nan
-1,-0.03,-0.125,off at rest,1,3,0.00014726,7.8961e-07,7.8961e-07,nan,nan
-1,-0.03,0.125,off at rest,1,3,0.000754551,0.00205493,0.000228423,nan,nan
-1,-0.03,0.2,off at rest,1,3,3.22153e-11,1.15024e-10,6.66193e-13,nan,nan
-1,-0.03,0.285,off at rest,1,3,3.13497e-10,1.41091e-09,1.49169e-11,nan,nan
-1,-0.03,0.5,off at rest,1,3,1.07055e-11,2.83264e-11,2.65716e-12,nan,nan
-1,-0.03,0.725,off at rest,1,3,6.29482e-11,2.1685e-10,8.11312e-13,nan,nan
-1,-0.03,1,off at rest,1,3,1.02883e-11,4.21959e-11,1.17403e-12,nan,nan
-1,-0.03,1.5,off at rest,1,3,2.09626e-11,6.54148e-11,1.59907e-12,nan,nan
-1,-0.03,2,off at rest,1,3,7.75739e-12,4.04204e-11,1.19338e-12,nan,nan
-1,-0.03,2.5,off at rest,1,3,1.62703e-11,5.1049e-12,6.93593e-13,nan,nan
-1,-0.0025,-0.4,off at rest,0,1.3,2.1967e-11,nan,1.3811e-11,nan,nan
-1,-0.0025,-0.2,off at rest,1,3,3.82337e-11,1.1287e-10,3.22163e-13,nan,nan
-1,-0.0025,-0.125,off at rest,1,3,7.09892e-08,5.17232e-10,2.57701e-10,nan,nan
-1,-0.0025,0,off at rest,1,3,3.14608e-05,4.39909e-07,4.03717e-07,nan,nan
-1,-0.0025,0.125,off at rest,1,3,3.74473e-07,4.00741e-07,5.17742e-08,nan,nan
-1,-0.0025,0.2,off at rest,1,3,4.04884e-11,1.80905e-11,9.86357e-12,nan,nan
-1,-0.0025,0.285,off at rest,1,3,2.1356e-11,7.90365e-11,4.59089e-12,nan,nan
-1,-0.0025,0.5,off at rest,1,3,6.67437e-11,4.1026e-11,1.85373e-13,nan,nan
-1,-0.0025,0.725,off at rest,1,3,1.97185e-11,1.52932e-10,3.5805e-12,nan,nan
-1,-0.0025,1,off at rest,1,3,9.01069e-13,6.16875e-11,9.01069e-13,nan,nan
-1,-0.0025,1.5,off at rest,1,3,8.00836e-11,1.9515e-11,2.38386e-15,nan,nan
-1,-0.0025,2,off at rest,1,3,5.4038e-12,3.51207e-11,1.98499e-12,nan,nan
-1,-0.0025,2.5,off at rest,1,3,5.93202e-11,2.63202e-11,7.89918e-13,nan,nan
-1,0,-0.4,off at rest,0,1.3,4.60042e-12,nan,4.60042e-12,nan,nan
-1,0,-0.2,off at rest,1,3,3.35991e-11,1.26323e-10,1.91113e-13,nan,nan
-1,0,-0.125,off at rest,1,3,7.84663e-08,3.37227e-10,2.25964e-10,nan,nan
-1,0,0,off at rest,1,3,2.3651e-05,3.13256e-07,2.89796e-07,nan,nan
-1,0,0.125,off at rest,1,3,3.67495e-07,3.29782e-07,4.48202e-08,nan,nan
-1,0,0.2,off at rest,1,3,3.37742e-11,2.06721e-10,7.30076e-13,nan,nan
-1,0,0.285,off at rest,1,3,7.75868e-12,5.0081e-11,9.40431e-13,nan,nan
-1,0,0.5,off at rest,1,3,4.40968e-11,1.64402e-10,1.26811e-11,nan,nan
-1,0,0.725,off at rest,1,3,1.63727e-11,2.53702e-10,1.95311e-12,nan,nan
-1,0,1,off at rest,1,3,2.33255e-11,1.00084e-10,4.22211e-12,nan,nan
-1,0,1.5,off at rest,1,3,3.61401e-11,9.78834e-11,1.29419e-12,nan,nan
-1,0,2,off at rest,1,3,4.86085e-12,4.04104e-11,2.53332e-12,nan,nan
-1,0,2.5,off at rest,1,3,5.40288e-11,9.04433e-11,1.70079e-12,nan,nan
-1,0.0075,-0.4,off at rest,0,1.3,7.07389e-11,nan,3.88458e-13,nan,nan
-1,0.0075,-0.2,off at rest,1,3,7.88695e-11,1.28324e-10,2.50707e-12,nan,nan
-1,0.0075,-0.125,off at rest,1,3,2.04748e-07,1.34062e-09,1.06531e-09,nan,nan
-1,0.0075,0,off at rest,1,3,1.30141e-05,1.50964e-07,1.44458e-07,nan,nan
-1,0.0075,0.125,off at rest,1,3,4.7182e-07,2.73273e-07,4.87449e-08,nan,nan
-1,0.0075,0.2,off at rest,1,3,2.39434e-11,9.848e-11,5.11648e-13,nan,nan
-1,0.0075,0.285,off at rest,1,3,9.83744e-11,1.19845e-10,8.53729e-13,nan,nan
-1,0.0075,0.5,off at rest,1,3,4.43837e-11,9.67e-12,6.89425e-13,nan,nan
-1,0.0075,0.725,off at rest,1,3,4.36184e-11,6.70967e-11,7.34341e-14,nan,nan
-1,0.0075,1,off at rest,1,3,3.83976e-11,2.79606e-11,2.20215e-13,nan,nan
-1,0.0075,1.5,off at rest,1,3,4.45673e-11,4.7657e-11,2.34896e-12,nan,nan
-1,0.0075,2,off at rest,1,3,1.23662e-11,1.97468e-11,1.78321e-12,nan,nan
-1,0.0075,2.5,off at rest,1,3,3.45161e-12,7.3255e-11,6.96843e-13,nan,nan
-1,0.015,-0.4,off at rest,0,1.3,1.15672e-11,nan,6.7191e-12,nan,nan
-1,0.015,-0.2,off at rest,1,3,4.30583e-11,1.91362e-10,1.91591e-12,nan,nan
-1,0.015,-0.125,off at rest,1,3,5.65544e-07,2.1384e-09,2.07584e-09,nan,nan
-1,0.015,0,off at rest,1,3,1.03766e-05,1.10877e-07,1.08272e-07,nan,nan
-1,0.015,0.125,off at rest,1,3,9.34154e-07,3.98145e-07,8.50366e-08,nan,nan
-1,0.015,0.2,off at rest,1,3,1.72134e-10,1.6241e-10,3.34894e-13,nan,nan
-1,0.015,0.285,off at rest,1,3,1.33168e-09,2.77892e-10,3.29558e-11,nan,nan
-1,0.015,0.5,off at rest,1,3,7.64088e-10,1.4796e-09,6.56355e-13,nan,nan
-1,0.015,0.725,off at rest,1,3,7.21715e-11,5.373e-11,5.6136e-13,nan,nan
-1,0.015,1,off at rest,1,3,1.49878e-10,2.46321e-11,9.51431e-13,nan,nan
-1,0.015,1.5,off at rest,1,3,1.16051e-10,3.01051e-11,2.76176e-13,nan,nan
-1,0.015,2,off at rest,1,3,7.36084e-11,1.60936e-10,8.9797e-13,nan,nan
-1,0.015,2.5,off at rest,1,3,1.51149e-09,3.34759e-11,2.03844e-12,nan,nan
-1,0.04,-0.4,off at rest,1,3,0.000130057,5.12866e-09,5.07903e-09,nan,nan
-1,0.04,-0.2,off at rest,1,3,1.29096e-05,7.27797e-09,7.18261e-09,nan,nan
-1,0.04,-0.125,off at rest,1,3,4.89489e-05,1.8467e-07,1.8467e-07,nan,nan
-1,0.04,0,off at rest,1,3,5.851e-05,6.65354e-07,6.52409e-07,nan,nan
-1,0.04,0.125,off at rest,1,3,4.54034e-05,4.68083e-06,1.35549e-06,nan,nan
-1,0.04,0.2,off at rest,1,3,0.000104461,1.91162e-05,3.39027e-06,nan,nan
-1,0.04,0.285,off at rest,1,3,0.00065951,3.58858e-05,5.47231e-06,nan,nan
-1,0.04,0.5,off at rest,1,3,0.00073796,0.000122152,6.63846e-06,nan,nan
-1,0.04,0.725,off at rest,1,3,0.000473492,1.63264e-05,4.93437e-07,nan,nan
-1,0.04,1,off at rest,1,3,0.00443516,1.99664e-05,5.66144e-07,nan,nan
-1,0.04,1.5,off at rest,1,3,0.00475791,7.33115e-06,4.32639e-07,nan,nan
-1,0.04,2,off at rest,1,3,0.00385798,5.0609e-06,5.63923e-08,nan,nan
-1,0.04,2.5,collapse,1,3,0.266536,2.52462e-06,5.60533e-08,0.2,1.78402e+07
-1,0.08,-0.4,no collapse,1,3,0.971772,0.931934,0.931934,nan,1.07304
-1,0.08,-0.2,no collapse,1,3,0.962264,0.880045,0.880045,nan,1.13631
-1,0.08,-0.125,no collapse,1,3,0.887494,0.130171,0.130171,nan,3.29826
-1,0.08,0,no collapse,1,3,0.788786,0.055812,0.0555545,nan,8.46976
-1,0.08,0.125,no collapse,1,3,0.889989,0.249494,0.232535,nan,4.00812
-1,0.08,0.2,no collapse,1,3,0.967756,0.91588,0.91588,nan,1.09185
-1,0.08,0.285,no collapse,1,3,0.975506,0.989841,0.975224,nan,1.01026
-1,0.08,0.5,no collapse,1,3,0.977712,0.994414,0.977659,nan,1.00562
-1,0.08,0.725,no collapse,1,3,0.976929,0.996024,0.976929,nan,1.00399
-1,0.08,1,no collapse,1,3,0.976317,0.996676,0.976317,nan,1.00333
-1,0.08,1.5,no collapse,1,3,0.976045,0.997027,0.976045,nan,1.00298
-1,0.08,2,no collapse,1,3,0.976263,0.997107,0.976263,nan,1.0029
-1,0.08,2.5,no collapse,1,3,0.976678,0.997163,0.976678,nan,1.00285
-1,0.15,-0.4,no collapse,1,3,0.999621,0.999091,0.999091,nan,1.00091
-1,0.15,-0.2,no collapse,1,3,0.999429,0.998006,0.998006,nan,1.002
-1,0.15,-0.125,no collapse,1,3,0.9987,0.991347,0.991347,nan,1.00873
-1,0.15,0,no collapse,1,3,0.99788,0.972444,0.972444,nan,1.02834
-1,0.15,0.125,no collapse,1,3,0.998744,0.985049,0.985049,nan,1.01518
-1,0.15,0.2,no collapse,1,3,0.999514,0.998355,0.998355,nan,1.00165
-1,0.15,0.285,no collapse,1,3,0.999678,0.999807,0.999676,nan,1.00019
-1,0.15,0.5,no collapse,1,3,0.999719,0.999946,0.999719,nan,1.00005
-1,0.15,0.725,no collapse,1,3,0.999717,0.999961,0.999717,nan,1.00004
-1,0.15,1,no collapse,1,3,0.999712,0.999965,0.999712,nan,1.00003
-1,0.15,1.5,no collapse,1,3,0.999708,0.999968,0.999708,nan,1.00003
-1,0.15,2,no collapse,1,3,0.999707,0.999968,0.999707,nan,1.00003
-1,0.15,2.5,no collapse,1,3,0.999708,0.999968,0.999708,nan,1.00003
-1,0.25,-0.4,no collapse,1,3,1,1,0.999999,nan,1
-1,0.25,-0.2,no collapse,1,3,1,1,0.999999,nan,1
-1,0.25,-0.125,no collapse,1,3,1,1,0.999999,nan,1
-1,0.25,0,no collapse,1,3,1,0.999999,0.999999,nan,1
-1,0.25,0.125,no collapse,1,3,1,0.999999,0.999999,nan,1
-1,0.25,0.2,no collapse,1,3,1,1,0.999999,nan,1
-1,0.25,0.285,no collapse,1,3,1,1,1,nan,1
-1,0.25,0.5,no collapse,1,3,1,1,1,nan,1
-1,0.25,0.725,no collapse,1,3,1,1,1,nan,1
-1,0.25,1,no collapse,1,3,1,1,1,nan,1
-1,0.25,1.5,no collapse,1,3,1,1,1,nan,1
-1,0.25,2,no collapse,1,3,1,1,1,nan,1
-1,0.25,2.5,no collapse,1,3,1,1,1,nan,1
-1,0.375,-0.4,no collapse,1,3,1,1,1,nan,1
-1,0.375,-0.2,no collapse,1,3,1,1,1,nan,1
-1,0.375,-0.125,no collapse,1,3,1,1,1,nan,1
-1,0.375,0,no collapse,1,3,1,1,1,nan,1
-1,0.375,0.125,no collapse,1,3,1,1,1,nan,1
-1,0.375,0.2,no collapse,1,3,1,1,1,nan,1
-1,0.375,0.285,no collapse,1,3,1,1,1,nan,1
-1,0.375,0.5,no collapse,1,3,1,1,1,nan,1
-1,0.375,0.725,no collapse,1,3,1,1,1,nan,1
-1,0.375,1,no collapse,1,3,1,1,1,nan,1
-1,0.375,1.5,no collapse,1,3,1,1,1,nan,1
-1,0.375,2,no collapse,1,3,1,1,1,nan,1
-1,0.375,2.5,no collapse,1,3,1,1,1,nan,1
-1,0.515,-0.4,no collapse,1,3,1,1,1,nan,1
-1,0.515,-0.2,no collapse,1,3,1,1,1,nan,1
-1,0.515,-0.125,no collapse,1,3,1,1,1,nan,1
-1,0.515,0,no collapse,1,3,1,1,1,nan,1
-1,0.515,0.125,no collapse,1,3,1,1,1,nan,1
-1,0.515,0.2,no collapse,1,3,1,1,1,nan,1
-1,0.515,0.285,no collapse,1,3,1,1,1,nan,1
-1,0.515,0.5,no collapse,1,3,1,1,1,nan,1
-1,0.515,0.725,no collapse,1,3,1,1,1,nan,1
-1,0.515,1,no collapse,1,3,1,1,1,nan,1
-1,0.515,1.5,no collapse,1,3,1,1,1,nan,1
-1,0.515,2,no collapse,1,3,1,1,1,nan,1
-1,0.515,2.5,no collapse,1,3,1,1,1,nan,1
0,-0.03,-0.4,no collapse,1,3,0.952466,0.863783,0.863783,nan,1.1577
0,-0.03,-0.2,no collapse,1,3,0.940715,0.301054,0.301054,nan,3.32167
0,-0.03,-0.125,no collapse,1,3,0.722326,0.00793968,0.00793968,nan,40.0853
0,-0.03,0.125,no collapse,1,3,0.725109,0.0578588,0.0197774,nan,17.2835
0,-0.03,0.2,no collapse,1,3,0.944801,0.795854,0.742811,nan,1.25651
0,-0.03,0.285,no collapse,1,3,0.951908,0.882488,0.845997,nan,1.13316
0,-0.03,0.5,no collapse,1,3,0.953495,0.913406,0.894067,nan,1.0948
0,-0.03,0.725,no collapse,1,3,0.954344,0.944884,0.944884,nan,1.05833
0,-0.03,1,no collapse,1,3,0.954722,0.96104,0.954722,nan,1.04054
0,-0.03,1.5,no collapse,1,3,0.955626,0.989309,0.955626,nan,1.01081
0,-0.03,2,no collapse,1,3,0.956739,0.991367,0.956739,nan,1.00871
0,-0.03,2.5,no collapse,1,3,0.958239,0.992846,0.958239,nan,1.00721
0,-0.0025,-0.4,collapse,1,3,0.84404,1.58312e-05,1.58312e-05,0.4,37176.6
0,-0.0025,-0.2,collapse,1,3,0.781499,9.89705e-07,9.88937e-07,0.3,611037
0,-0.0025,-0.125,off at rest,1,3,0.000187627,1.87482e-06,1.8554e-06,nan,nan
0,-0.0025,0,off at rest,1,3,0.000101914,1.29085e-06,1.17423e-06,nan,nan
0,-0.0025,0.125,off at rest,1,3,0.000146346,9.99168e-06,2.80054e-06,nan,nan
0,-0.0025,0.2,collapse,1,3,0.800569,0.0006721,8.77505e-05,0.3,9410.29
0,-0.0025,0.285,collapse,1,3,0.825684,0.00115533,9.77116e-05,0.3,7398.95
0,-0.0025,0.5,collapse,1,3,0.832679,0.00158338,8.57926e-05,0.3,11656
0,-0.0025,0.725,collapse,1,3,0.845469,0.00042888,1.45007e-05,0.4,68962.1
0,-0.0025,1,collapse,1,3,0.851266,0.000605605,2.11673e-05,0.4,47242.7
0,-0.0025,1.5,collapse,1,3,0.862006,0.000137378,1.62007e-05,0.5,61725.7
0,-0.0025,2,collapse,1,3,0.870368,3.04364e-05,3.19581e-06,0.5,312909
0,-0.0025,2.5,collapse,1,3,0.885833,3.69773e-05,5.25566e-06,0.8,190271
0,0,-0.4,collapse,1,3,0.829959,9.57245e-06,9.57245e-06,0.4,61714.4
0,0,-0.2,collapse,1,3,0.757266,6.8267e-07,6.81724e-07,0.3,907746
0,0,-0.125,off at rest,1,3,0.000135092,1.26997e-06,1.26275e-06,nan,nan
0,0,0,off at rest,1,3,7.62286e-05,9.06692e-07,8.32938e-07,nan,nan
0,0,0.125,off at rest,1,3,0.000103773,6.4462e-06,1.91574e-06,nan,nan
0,0,0.2,collapse,1,3,0.778782,0.000377025,5.40625e-05,0.3,14998.1
0,0,0.285,collapse,1,3,0.807299,0.000628819,5.69697e-05,0.3,12493.5
0,0,0.5,collapse,1,3,0.815473,0.000801131,7.01839e-05,0.3,14248.3
0,0,0.725,collapse,1,3,0.83114,0.000198149,8.57061e-06,0.3,116678
0,0,1,collapse,1,3,0.838093,0.000258535,1.29433e-05,0.4,77259.8
0,0,1.5,collapse,1,3,0.850941,7.40398e-05,1.08279e-05,0.5,92354.2
0,0,2,collapse,1,3,0.860291,1.76074e-05,2.0323e-06,0.5,492054
0,0,2.5,collapse,1,3,0.878391,1.95449e-05,3.09812e-06,0.7,322776
0,0.0075,-0.4,collapse,1,3,0.790198,3.39666e-06,3.39666e-06,0.3,188607
0,0.0075,-0.2,collapse,1,3,0.679476,3.96606e-07,3.96372e-07,0.2,1.66317e+06
0,0.0075,-0.125,off at rest,1,3,6.64726e-05,5.44944e-07,5.44944e-07,nan,nan
0,0.0075,0,off at rest,1,3,4.04391e-05,4.18575e-07,3.93544e-07,nan,nan
0,0.0075,0.125,off at rest,1,3,4.97559e-05,2.49906e-06,8.67044e-07,nan,nan
0,0.0075,0.2,collapse,1,3,0.707667,0.00010972,1.97403e-05,0.2,38880.8
0,0.0075,0.285,collapse,1,3,0.750717,0.000150478,1.8584e-05,0.2,37264.6
0,0.0075,0.5,collapse,1,3,0.763767,0.000171242,2.33818e-05,0.2,42768.2
0,0.0075,0.725,collapse,1,3,0.791119,4.78894e-05,3.80901e-06,0.3,262535
0,0.0075,1,collapse,1,3,0.802112,3.99357e-05,4.44415e-06,0.3,225015
0,0.0075,1.5,collapse,1,3,0.821978,2.09743e-05,3.84855e-06,0.4,259838
0,0.0075,2,collapse,1,3,0.833651,6.35013e-06,7.96091e-07,0.4,1.25614e+06
0,0.0075,2.5,collapse,1,3,0.859845,5.53031e-06,9.62489e-07,0.6,1.03897e+06
0,0.015,-0.4,collapse,1,3,0.767305,2.2138e-06,2.2138e-06,0.3,284853
0,0.015,-0.2,collapse,1,3,0.624287,3.09342e-07,3.09283e-07,0.2,1.98895e+06
0,0.015,-0.125,off at rest,1,3,4.78296e-05,3.58643e-07,3.58643e-07,nan,nan
0,0.015,0,off at rest,1,3,3.00971e-05,2.86828e-07,2.76334e-07,nan,nan
0,0.015,0.125,off at rest,1,3,3.56125e-05,1.61275e-06,6.14916e-07,nan,nan
0,0.015,0.2,collapse,1,3,0.656061,5.84226e-05,1.29074e-05,0.2,59193.4
0,0.015,0.285,collapse,1,3,0.714342,8.47786e-05,1.20786e-05,0.2,55880
0,0.015,0.5,collapse,1,3,0.732011,0.00010747,1.04589e-05,0.2,95612.4
0,0.015,0.725,collapse,1,3,0.769301,2.94595e-05,2.56063e-06,0.3,390528
0,0.015,1,collapse,1,3,0.783112,2.7006e-05,2.83428e-06,0.3,352823
0,0.015,1.5,collapse,1,3,0.807389,1.33299e-05,2.38964e-06,0.4,418473
0,0.015,2,collapse,1,3,0.820002,4.23703e-06,5.63772e-07,0.4,1.77377e+06
0,0.015,2.5,collapse,1,3,0.851053,3.85732e-06,7.19827e-07,0.6,1.38922e+06
0,0.04,-0.4,collapse,1,3,0.863797,4.81453e-05,4.81453e-05,0.5,11201.6
0,0.04,-0.2,collapse,1,3,0.808289,4.96067e-06,4.96067e-06,0.3,109405
0,0.04,-0.125,off at rest,1,3,0.000207326,1.87918e-06,1.87918e-06,nan,nan
0,0.04,0,off at rest,1,3,0.000116478,1.25789e-06,1.22661e-06,nan,nan
0,0.04,0.125,off at rest,1,3,0.000172678,1.14384e-05,3.87348e-06,nan,nan
0,0.04,0.2,collapse,1,3,0.829016,0.00317941,0.000314677,0.3,2459.79
0,0.04,0.285,collapse,1,3,0.854373,0.00596773,0.000626086,0.4,1170.8
0,0.04,0.5,collapse,1,3,0.861827,0.0191312,0.00083664,0.4,1195.26
0,0.04,0.725,collapse,1,3,0.87062,0.0757875,8.90151e-05,0.5,11234.1
0,0.04,1,collapse,1,3,0.874568,0.0411553,0.00024353,0.5,4106.28
0,0.04,1.5,collapse,1,3,0.882242,0.064682,0.000246344,0.6,4059.36
0,0.04,2,collapse,1,3,0.888937,0.00666245,2.14814e-05,0.6,46551.9
0,0.04,2.5,collapse,1,3,0.90039,0.0401829,0.000768844,2.1,1300.65
0,0.08,-0.4,no collapse,1,3,0.977172,0.945466,0.945466,nan,1.05768
0,0.08,-0.2,no collapse,1,3,0.968717,0.899339,0.899339,nan,1.11193
0,0.08,-0.125,no collapse,1,3,0.896957,0.15038,0.15038,nan,2.80965
0,0.08,0,no collapse,1,3,0.800414,0.0621145,0.0620468,nan,7.44483
0,0.08,0.125,no collapse,1,3,0.898919,0.272201,0.255023,nan,3.67375
0,0.08,0.2,no collapse,1,3,0.972743,0.929152,0.929152,nan,1.07625
0,0.08,0.285,no collapse,1,3,0.980179,0.991873,0.980022,nan,1.00819
0,0.08,0.5,no collapse,1,3,0.982593,0.996017,0.982582,nan,1.004
0,0.08,0.725,no collapse,1,3,0.982527,0.997162,0.982527,nan,1.00285
0,0.08,1,no collapse,1,3,0.982286,0.997612,0.982286,nan,1.00239
0,0.08,1.5,no collapse,1,3,0.982186,0.997873,0.982186,nan,1.00213
0,0.08,2,no collapse,1,3,0.982325,0.997932,0.982325,nan,1.00207
0,0.08,2.5,no collapse,1,3,0.982579,0.997961,0.982579,nan,1.00204
1,-0.275,-0.4,no collapse,1,3,1.01825,1.04351,1.01825,nan,0.958304
1,-0.275,-0.2,no collapse,1,3,1.00126,1.00292,1.00126,nan,0.997086
1,-0.275,-0.125,no collapse,1,3,1.00039,1.00091,1.00039,nan,0.999094
1,-0.275,0,no collapse,1,3,1.00005,1.00013,1.00005,nan,0.999872
1,-0.275,0.125,no collapse,1,3,1.00001,1.00002,1.00001,nan,0.999982
1,-0.275,0.2,no collapse,1,3,1,1.00001,1,nan,0.999995
1,-0.275,0.285,no collapse,1,3,1,1,1,nan,0.999999
1,-0.275,0.5,no collapse,1,3,1.00149,1.0002,1.0002,nan,0.999801
1,-0.275,0.725,no collapse,1,3,1.01475,1.00195,1.00195,nan,0.998052
1,-0.275,1,no collapse,1,3,1.03688,1.00445,1.00445,nan,0.995569
1,-0.275,1.5,no collapse,1,3,1.04988,1.00532,1.00532,nan,0.994704
1,-0.275,2,no collapse,1,3,1.05357,1.00544,1.00544,nan,0.994591
1,-0.275,2.5,no collapse,1,3,1.05088,1.0051,1.0051,nan,0.994923
1,-0.225,-0.4,no collapse,1,3,1.02242,1.05409,1.02242,nan,0.948682
1,-0.225,-0.2,no collapse,1,3,1.00094,1.00216,1.00094,nan,0.997841
1,-0.225,-0.125,no collapse,1,3,1.00029,1.00066,1.00029,nan,0.999337
1,-0.225,0,no collapse,1,3,1.00004,1.00009,1.00004,nan,0.999907
1,-0.225,0.125,no collapse,1,3,1.00001,1.00001,1.00001,nan,0.999987
1,-0.225,0.2,no collapse,1,3,1,1,1,nan,0.999996
1,-0.225,0.285,no collapse,1,3,1,1,1,nan,0.999999
1,-0.225,0.5,no collapse,1,3,1.00334,1.00045,1.00045,nan,0.999551
1,-0.225,0.725,no collapse,1,3,1.02244,1.00315,1.00315,nan,0.996858
1,-0.225,1,no collapse,1,3,1.04463,1.00525,1.00525,nan,0.994773
1,-0.225,1.5,no collapse,1,3,1.06035,1.00632,1.00632,nan,0.993718
1,-0.225,2,no collapse,1,3,1.06493,1.00648,1.00648,nan,0.993558
1,-0.225,2.5,no collapse,1,3,1.06151,1.00607,1.00607,nan,0.99397
1,-0.15,-0.4,no collapse,1,3,1.02372,1.05772,1.02372,nan,0.945429
1,-0.15,0.5,no collapse,1,3,1.00585,1.00084,1.00084,nan,0.99916
1,-0.15,0.725,no collapse,1,3,1.02671,1.00375,1.00375,nan,0.996262
1,-0.15,1,no collapse,1,3,1.04482,1.00525,1.00525,nan,0.994773
1,-0.15,1.5,no collapse,1,3,1.0599,1.00626,1.00626,nan,0.993781
1,-0.15,2,no collapse,1,3,1.06433,1.00642,1.00642,nan,0.993625
1,-0.15,2.5,no collapse,1,3,1.06105,1.00602,1.00602,nan,0.99402
1,-0.1,-0.4,no collapse,1,3,1.02453,1.06017,1.02453,nan,0.943249
1,-0.1,0.5,no collapse,1,3,1.00797,1.00147,1.00147,nan,0.998531
1,-0.1,0.725,no collapse,1,3,1.02685,1.00378,1.00378,nan,0.996229
1,-0.1,1,no collapse,1,3,1.04278,1.00502,1.00502,nan,0.995002
1,-0.1,1.5,no collapse,1,3,1.05668,1.00593,1.00593,nan,0.994103
1,-0.1,2,no collapse,1,3,1.06073,1.00607,1.00607,nan,0.993962
1,-0.1,2.5,no collapse,1,3,1.05778,1.00571,1.00571,nan,0.994322
1,-0.03,-0.4,no collapse,1,3,1.0038,1.00954,1.0038,nan,0.99055
1,-0.03,-0.2,no collapse,1,3,0.988893,0.958194,0.958194,nan,1.04363
1,-0.03,-0.125,no collapse,1,3,0.860398,0.0374932,0.0374932,nan,9.74172
1,-0.03,0.125,no collapse,1,3,0.860377,0.190062,0.134511,nan,5.26144
1,-0.03,0.2,no collapse,1,3,0.98629,0.969584,0.963547,nan,1.03137
1,-0.03,0.285,no collapse,1,3,0.989286,0.997947,0.989286,nan,1.00206
1,-0.03,0.5,no collapse,1,3,0.991501,0.999844,0.991501,nan,1.00016
1,-0.03,0.725,no collapse,1,3,1.00495,1.00132,1.00132,nan,0.998677
1,-0.03,1,no collapse,1,3,1.01646,1.00222,1.00222,nan,0.997784
1,-0.03,1.5,no collapse,1,3,1.02601,1.00288,1.00288,nan,0.997125
1,-0.03,2,no collapse,1,3,1.02867,1.00299,1.00299,nan,0.997017
1,-0.03,2.5,no collapse,1,3,1.02741,1.00281,1.00281,nan,0.997195
1,-0.0025,-0.4,no collapse,1,3,0.967201,0.913377,0.913377,nan,1.09484
1,-0.0025,-0.2,no collapse,1,3,0.941416,0.784161,0.784161,nan,1.27525
1,-0.0025,-0.125,off at rest,1,3,0.000717088,6.10428e-06,6.10428e-06,nan,nan
1,-0.0025,0,off at rest,1,3,0.000294811,3.38475e-06,3.01887e-06,nan,nan
1,-0.0025,0.125,off at rest,1,3,0.000679647,0.000106886,1.63804e-05,nan,nan
1,-0.0025,0.2,no collapse,1,3,0.942052,0.893008,0.891358,nan,1.11981
1,-0.0025,0.285,no collapse,1,3,0.952365,0.989941,0.952365,nan,1.01016
1,-0.0025,0.5,no collapse,1,3,0.955525,0.994485,0.955525,nan,1.00555
1,-0.0025,0.725,no collapse,1,3,0.969067,0.996704,0.969067,nan,1.00331
1,-0.0025,1,no collapse,1,3,0.978679,0.997649,0.978679,nan,1.00236
1,-0.0025,1.5,no collapse,1,3,0.98671,0.998352,0.98671,nan,1.00165
1,-0.0025,2,no collapse,1,3,0.989691,0.998619,0.989686,nan,1.00138
1,-0.0025,2.5,no collapse,1,3,0.991164,0.998793,0.991147,nan,1.00121
