regime,trapPeak,trapLevel,trapMeanY,complete,last_Vd,peak_mA_mm,peak_Vd,onset_Vd,collapse_ratio,at_rest_frac,suppression_3V
no collapse,2e+18,0.35,-0.4,1,3,140.549,3,nan,1,0.982335,1.04554
no collapse,2e+18,0.35,-0.125,1,3,45.3998,0.6,nan,1.62179,0.932357,4.75429
no collapse,2e+18,0.35,0,1,3,24.6301,0.4,nan,2.36069,0.873915,9.22048
no collapse,2e+18,0.35,0.125,1,3,47.0789,3,nan,1,0.93374,3.12134
no collapse,2e+18,0.35,0.285,1,3,146.047,3,nan,1,0.981942,1.00618
no collapse,2e+18,0.35,0.5,1,3,146.341,3,nan,1,0.981705,1.00415
no collapse,2e+18,0.35,0.725,1,3,146.514,3,nan,1,0.981795,1.00297
no collapse,2e+18,0.35,1.25,1,3,146.614,3,nan,1,0.981953,1.00229
no collapse,2e+18,0.35,1.75,1,3,146.625,3,nan,1,0.982114,1.00221
no collapse,2e+18,0.35,2.4,1,3,146.63,3,nan,1,0.982371,1.00218
no collapse,2e+18,0.55,-0.4,1,3,131.058,3,nan,1,0.9588,1.12126
no collapse,2e+18,0.55,-0.125,1,3,8.4754,0.2,nan,5.46762,0.776013,66.6058
collapse,2e+18,0.55,0,1,3,3.94889,0.1,0.3,14.9254,0.394185,209.505
no collapse,2e+18,0.55,0.125,1,3,11.9545,3,nan,1,0.779353,12.2924
no collapse,2e+18,0.55,0.285,1,3,139.211,3,nan,1,0.959465,1.05558
no collapse,2e+18,0.55,0.5,1,3,141.887,3,nan,1,0.961541,1.03568
no collapse,2e+18,0.55,0.725,1,3,145.477,3,nan,1,0.962013,1.01012
no collapse,2e+18,0.55,1.25,1,3,146.041,3,nan,1,0.962329,1.00622
no collapse,2e+18,0.55,1.75,1,3,146.115,3,nan,1,0.963087,1.00571
no collapse,2e+18,0.55,2.4,1,3,146.165,3,nan,1,0.964318,1.00537
no collapse,2e+18,0.75,-0.4,1,3,72.0315,1,nan,1.20571,0.917017,2.24448
off at rest,2e+18,0.75,-0.125,1,3,0.0460006,0.1,nan,8.65948,0.00459186,27662.8
off at rest,2e+18,0.75,0,1,3,0.00952467,0.1,nan,10.0016,0.000950771,153587
off at rest,2e+18,0.75,0.125,1,3,0.247107,3,nan,1,0.00609206,594.679
no collapse,2e+18,0.75,0.285,1,3,127.522,3,nan,1,0.924107,1.15234
no collapse,2e+18,0.75,0.5,1,3,135.769,3,nan,1,0.935443,1.08235
no collapse,2e+18,0.75,0.725,1,3,141.069,3,nan,1,0.936517,1.04168
no collapse,2e+18,0.75,1.25,1,3,144.779,3,nan,1,0.937084,1.01499
no collapse,2e+18,0.75,1.75,1,3,145.275,3,nan,1,0.93951,1.01152
no collapse,2e+18,0.75,2.4,1,3,145.481,3,nan,1,0.942685,1.01009
no collapse,4e+18,0.35,-0.4,1,3,128.157,3,nan,1,0.960389,1.14663
collapse,4e+18,0.35,-0.125,1,3,6.54648,0.1,0.2,144.466,0.653482,1987.89
off at rest,4e+18,0.35,0,1,3,0.606378,0.1,nan,39.3966,0.0605298,3172.92
collapse,4e+18,0.35,0.125,1,3,6.54435,0.1,0.2,177.3,0.65327,417.292
collapse,4e+18,0.35,0.285,1,3,113.695,1.5,1.7,11.063,0.959768,5.81003
no collapse,4e+18,0.35,0.5,1,3,115.716,1.5,nan,9.52991,0.959873,5.21793
incomplete,4e+18,0.35,0.725,0,2.2,125.95,1.75,nan,8.94353,0.964789,nan
collapse,4e+18,0.35,1.25,1,3,137.416,2.3,2.5,21.5157,0.961326,8.72809
collapse,4e+18,0.35,1.75,1,3,141.501,2.6,2.9,106.379,0.962052,89.953
no collapse,4e+18,0.35,2.4,1,3,145.677,3,nan,1,0.963118,1.00874
collapse,4e+18,0.55,-0.4,1,3,15.8563,0.2,0.4,11877,0.829959,104466
off at rest,4e+18,0.55,-0.125,1,3,0.00135333,0.1,nan,10.5715,0.000135092,787420
off at rest,4e+18,0.55,0,1,3,0.000763646,0.1,nan,12.4996,7.62286e-05,1.10291e+06
off at rest,4e+18,0.55,0.125,1,3,0.00103958,0.1,nan,12.8373,0.000103773,155130
collapse,4e+18,0.55,0.285,1,3,13.1603,0.2,0.3,4222.63,0.807299,1590.28
collapse,4e+18,0.55,0.5,1,3,14.1907,0.2,0.3,3070.41,0.815473,1248.24
collapse,4e+18,0.55,0.725,1,3,15.8498,0.2,0.3,20515.9,0.83114,5046.72
collapse,4e+18,0.55,1.25,1,3,22.1681,0.3,0.35,15233.5,0.850869,5745.25
collapse,4e+18,0.55,1.75,1,3,23.8516,0.3,0.4,27822.5,0.855446,50586.2
collapse,4e+18,0.55,2.4,1,3,27.1458,0.35,0.45,20227.9,0.872002,17637
off at rest,4e+18,0.75,-0.4,1,3,0.0140524,0.05,nan,80957.4,0.00280547,4.91333e+08
off at rest,4e+18,0.75,-0.125,1,3,2.65625e-06,0.1,nan,303.705,2.65152e-07,8.49287e+09
off at rest,4e+18,0.75,0,1,3,1.6134e-06,0.1,nan,4502,1.61053e-07,1.99478e+10
off at rest,4e+18,0.75,0.125,1,3,1.7673e-06,0.1,nan,19.9736,1.76416e-07,6.80749e+08
off at rest,4e+18,0.75,0.285,1,3,8.18939e-05,0.1,nan,38.0231,8.1748e-06,2.02845e+07
off at rest,4e+18,0.75,0.5,1,3,5.16584e-05,0.1,nan,17.2824,5.15664e-06,9.91406e+06
off at rest,4e+18,0.75,0.725,1,3,0.000211052,0.1,nan,182.418,2.10676e-05,2.79599e+06
off at rest,4e+18,0.75,1.25,1,3,0.00362065,0.1,nan,5189.13,0.00036142,1.64098e+06
off at rest,4e+18,0.75,1.75,1,3,0.00499883,0.1,nan,10848.3,0.000498992,1.61399e+07
off at rest,4e+18,0.75,2.4,1,3,0.0160053,0.1,nan,23659.8,0.00159768,3.03258e+07
collapse,8e+18,0.35,-0.4,1,3,35.5943,0.45,0.5,40137.3,0.894518,165705
off at rest,8e+18,0.35,-0.125,1,3,0.000759751,0.1,nan,13.8737,7.58398e-05,1.52719e+06
off at rest,8e+18,0.35,0,1,3,0.000512811,0.1,nan,12.8292,5.11898e-05,1.29701e+06
off at rest,8e+18,0.35,0.125,1,3,0.000689301,0.1,nan,6.83865,6.88074e-05,271360
collapse,8e+18,0.35,0.285,1,3,28.8149,0.35,0.4,38306.3,0.89123,38889.5
collapse,8e+18,0.35,0.5,0,1.75,29.1974,0.35,0.45,37310,0.893387,nan
collapse,8e+18,0.35,0.725,0,2,34.0184,0.45,0.5,79760.8,0.897368,nan
incomplete,8e+18,0.35,1.25,0,0.5,40.8308,0.5,nan,1,0.897254,nan
collapse,8e+18,0.35,1.75,0,2.3,42.0194,0.55,0.6,38902.9,0.905589,nan
incomplete,8e+18,0.35,2.4,0,0.6,49.0841,0.6,nan,1,0.90685,nan
off at rest,8e+18,0.55,-0.4,1,3,0.00282267,0.1,nan,15491.8,0.000281764,6.66249e+08
off at rest,8e+18,0.55,-0.125,1,3,1.80197e-06,0.1,nan,16.8675,1.79876e-07,1.11669e+09
off at rest,8e+18,0.55,0,1,3,1.26267e-06,0.1,nan,13.9345,1.26043e-07,1.18654e+09
off at rest,8e+18,0.55,0.125,1,3,1.32434e-06,0.1,nan,10.2614,1.32198e-07,3.45133e+08
off at rest,8e+18,0.55,0.285,1,3,8.06747e-05,0.1,nan,54.518,8.0531e-06,2.52331e+07
off at rest,8e+18,0.55,0.5,1,3,0.000184009,0.1,nan,157.143,1.83682e-05,2.94638e+07
off at rest,8e+18,0.55,0.725,0,1.5,0.0330148,0.05,nan,70936,0.00659119,nan
off at rest,8e+18,0.55,1.25,1,3,0.00333308,0.1,nan,5489.89,0.000332715,1.17769e+08
off at rest,8e+18,0.55,1.75,0,1.6,0.00673197,0.1,nan,12700.2,0.000671998,nan
off at rest,8e+18,0.55,2.4,0,2.45,0.19593,0.05,nan,354816,0.0391162,nan
off at rest,8e+18,0.75,-0.4,0,1.35,2.21482e-05,0.05,nan,191378,4.42175e-06,nan
off at rest,8e+18,0.75,-0.125,1,3,1.74686e-08,1.9,nan,125.069,3.34643e-10,4.33237e+10
off at rest,8e+18,0.75,0,1,3,3.37592e-08,2.8,nan,13.7422,3.06504e-10,5.98179e+10
off at rest,8e+18,0.75,0.125,1,3,3.13873e-08,3,nan,1,2.30588e-10,4.68181e+09
off at rest,8e+18,0.75,0.285,1,3,7.39627e-08,0.1,nan,4173.19,7.38309e-09,1.83085e+10
off at rest,8e+18,0.75,0.5,1,3,1.25951e-07,0.1,nan,383.373,1.25726e-08,6.08569e+09
off at rest,8e+18,0.75,0.725,1,3,2.15999e-07,0.1,nan,324.311,2.15614e-08,5.07839e+09
off at rest,8e+18,0.75,1.25,1,3,4.71696e-05,0.05,nan,502242,9.41712e-06,1.05988e+10
off at rest,8e+18,0.75,1.75,1,3,4.97722e-05,0.05,nan,937245,9.9367e-06,1.30102e+12
off at rest,8e+18,0.75,2.4,0,2.1,9.41169e-06,0.1,nan,40635.1,9.39493e-07,nan
