trapPeak,trapLevel,trapMeanX,trapMeanY,regime,complete,last_Vd,retries,peak_mA_mm,onset_Vd,collapse_ratio,collapse_depth_vs_ref,min_Vd,at_rest_frac,suppression_3V
4e+18,0.55,0,-0.4,collapse,1,3,0,9.70012,0.2,40861,576477,1,0.551782,682408
4e+18,0.55,0,-0.125,off at rest,1,3,0,0.000531918,nan,nan,nan,0.4,3.02577e-05,3.1452e+06
4e+18,0.55,0,0,off at rest,1,3,0,0.00048134,nan,nan,nan,0.4,2.73806e-05,1.24121e+06
4e+18,0.55,0,0.125,off at rest,1,3,0,0.000481297,nan,nan,nan,3,2.32919e-05,368157
4e+18,0.55,0,0.285,collapse,1,3,0,7.05046,0.2,5927.83,78569.9,0.6,0.401059,3616.43
4e+18,0.55,0,0.5,collapse,1,3,0,7.73093,0.2,11196.8,135345,0.6,0.439767,2919.14
4e+18,0.55,0,0.725,collapse,1,3,0,8.82664,0.2,52450.7,813217,1,0.502095,34326.3
4e+18,0.55,0,1.25,collapse,1,3,0,9.84622,0.2,48029.3,802520,1.7,0.560093,53032.2
4e+18,0.55,0,1.75,collapse,1,3,0,10.3536,0.2,102886,1.70506e+06,2.3,0.588954,409895
4e+18,0.55,0,2.4,collapse,1,3,0,11.1,0.3,51235.4,694989,1.2,0.631413,228729
4e+18,0.55,0.00375,-0.4,collapse,0,2.6,0,8.58434,0.2,68152.1,1.38307e+06,2.6,0.488312,nan
4e+18,0.55,0.00375,-0.125,off at rest,1,3,0,0.000351135,nan,nan,nan,0.4,1.9974e-05,5.28094e+06
4e+18,0.55,0.00375,0,off at rest,1,3,0,0.000329939,nan,nan,nan,0.4,1.87682e-05,1.98742e+06
4e+18,0.55,0.00375,0.125,off at rest,1,3,0,0.000268009,nan,nan,nan,0.4,1.52454e-05,661864
4e+18,0.55,0.00375,0.285,collapse,1,3,0,4.29735,0.2,7323.1,159247,0.6,0.244451,8590.08
4e+18,0.55,0.00375,0.5,collapse,1,3,0,5.21335,0.2,5223.95,80123.5,0.5,0.296557,1961.27
4e+18,0.55,0.00375,0.725,collapse,1,3,0,7.29338,0.2,79524,1.39365e+06,0.9,0.414877,75316.4
4e+18,0.55,0.00375,1.25,collapse,1,3,0,8.9308,0.2,83252.7,1.53365e+06,1.7,0.50802,130570
4e+18,0.55,0.00375,1.75,collapse,1,3,0,9.53012,0.2,171348,3.085e+06,2.3,0.542112,827266
4e+18,0.55,0.00375,2.4,collapse,1,3,0,10.4256,0.3,85603.6,1.27382e+06,1.3,0.593048,505353
4e+18,0.55,0.0075,-0.4,collapse,0,1.4,1,7.39599,0.2,92679.8,1.98565e+06,1.4,0.420714,nan
4e+18,0.55,0.0075,-0.125,off at rest,1,3,0,0.000257189,nan,nan,nan,0.5,1.463e-05,7.68764e+06
4e+18,0.55,0.0075,0,off at rest,1,3,0,0.000248313,nan,nan,nan,0.4,1.4125e-05,2.84978e+06
4e+18,0.55,0.0075,0.125,off at rest,1,3,0,0.000194982,nan,nan,nan,0.4,1.10913e-05,1.02067e+06
4e+18,0.55,0.0075,0.285,collapse,1,3,0,1.98663,0.2,5348.98,251613,0.6,0.113007,14366.1
4e+18,0.55,0.0075,0.5,collapse,1,3,0,2.55491,0.2,4506.62,164836,0.6,0.145334,2673.58
4e+18,0.55,0.0075,0.725,collapse,1,3,0,5.64446,0.2,97829.6,2.2153e+06,0.9,0.32108,130375
4e+18,0.55,0.0075,1.25,collapse,1,3,0,8.10535,0.2,118304,2.40131e+06,1.7,0.461065,237014
4e+18,0.55,0.0075,1.75,collapse,1,3,0,8.77083,0.2,233412,4.56623e+06,2.3,0.498921,1.31264e+06
4e+18,0.55,0.0075,2.4,collapse,1,3,0,9.81872,0.2,121217,1.91524e+06,1.3,0.558528,863892
4e+18,0.55,0.01125,-0.4,collapse,0,1.1,0,6.34059,0.2,97241.6,2.09881e+06,1,0.360678,nan
4e+18,0.55,0.01125,-0.125,off at rest,1,3,0,0.000207823,nan,nan,nan,0.5,1.18218e-05,9.99504e+06
4e+18,0.55,0.01125,0,off at rest,1,3,0,0.000204432,nan,nan,nan,0.4,1.16289e-05,3.65676e+06
4e+18,0.55,0.01125,0.125,off at rest,1,3,0,0.000156734,nan,nan,nan,0.4,8.91567e-06,1.36732e+06
4e+18,0.55,0.01125,0.285,off at rest,1,3,0,0.944628,nan,nan,nan,0.6,0.0537343,21998
4e+18,0.55,0.01125,0.5,off at rest,1,3,0,1.16341,nan,nan,nan,0.6,0.0661796,4732.79
4e+18,0.55,0.01125,0.725,collapse,1,3,0,4.26248,0.2,99429.6,2.98153e+06,0.9,0.242467,181482
4e+18,0.55,0.01125,1.25,collapse,1,3,0,7.4828,0.2,145679,3.20296e+06,1.7,0.425652,335194
4e+18,0.55,0.01125,1.75,collapse,1,3,0,8.18056,0.2,260456,5.46294e+06,2.3,0.465343,1.63684e+06
4e+18,0.55,0.01125,2.4,collapse,1,3,0,9.35693,0.2,149593,2.53334e+06,1.4,0.53226,1.19159e+06
4e+18,0.55,0.015,-0.4,collapse,1,3,2,5.72333,0.2,518574,1.36424e+07,1.2,0.325566,1.56054e+07
4e+18,0.55,0.015,-0.125,off at rest,1,3,0,0.000184527,nan,nan,nan,0.5,1.04967e-05,1.17575e+07
4e+18,0.55,0.015,0,off at rest,1,3,0,0.000183597,nan,nan,nan,0.4,1.04438e-05,4.21955e+06
4e+18,0.55,0.015,0.125,off at rest,1,3,0,0.000138563,nan,nan,nan,0.4,7.88201e-06,1.60205e+06
4e+18,0.55,0.015,0.285,off at rest,1,3,1,0.638796,nan,nan,nan,0.6,0.0363373,25101.9
4e+18,0.55,0.015,0.5,off at rest,1,3,0,0.744051,nan,nan,nan,0.6,0.0423246,5639.25
4e+18,0.55,0.015,0.725,collapse,1,3,0,3.54564,0.2,95315.5,3.43601e+06,0.9,0.20169,207788
4e+18,0.55,0.015,1.25,collapse,1,3,0,7.16166,0.2,160789,3.69369e+06,1.7,0.407384,378777
4e+18,0.55,0.015,1.75,collapse,1,3,0,7.86874,0.2,300596,6.5547e+06,2.3,0.447606,1.96537e+06
4e+18,0.55,0.015,2.4,collapse,1,3,0,9.1164,0.2,163824,2.84753e+06,1.4,0.518578,1.35e+06
